-- phpMyAdmin SQL Dump
-- version 4.9.5
-- https://www.phpmyadmin.net/
--
-- Host: localhost:3306
-- Generation Time: Apr 05, 2021 at 12:48 PM
-- Server version: 5.7.33
-- PHP Version: 7.3.27

SET SQL_MODE = "NO_AUTO_VALUE_ON_ZERO";
SET AUTOCOMMIT = 0;
START TRANSACTION;
SET time_zone = "+00:00";


/*!40101 SET @OLD_CHARACTER_SET_CLIENT=@@CHARACTER_SET_CLIENT */;
/*!40101 SET @OLD_CHARACTER_SET_RESULTS=@@CHARACTER_SET_RESULTS */;
/*!40101 SET @OLD_COLLATION_CONNECTION=@@COLLATION_CONNECTION */;
/*!40101 SET NAMES utf8mb4 */;

--
-- Database: `ywaymal_maindata`
--

-- --------------------------------------------------------

--
-- Table structure for table `ads`
--

CREATE TABLE `ads` (
  `id` int(222) NOT NULL,
  `link` varchar(222) COLLATE utf8_unicode_ci NOT NULL,
  `image` varchar(222) COLLATE utf8_unicode_ci NOT NULL,
  `created_at` timestamp(6) NOT NULL DEFAULT CURRENT_TIMESTAMP(6) ON UPDATE CURRENT_TIMESTAMP(6),
  `updated_at` timestamp(6) NOT NULL DEFAULT '0000-00-00 00:00:00.000000'
) ENGINE=InnoDB DEFAULT CHARSET=utf8 COLLATE=utf8_unicode_ci;

--
-- Dumping data for table `ads`
--

INSERT INTO `ads` (`id`, `link`, `image`, `created_at`, `updated_at`) VALUES
(22, 'https://election2020.lovelyfamilymm.com/', '1609924486128621792_435772814478370_5021544139028689775_o (1).png', '2021-01-06 09:14:46.434770', '2021-01-06 09:14:46.434787'),
(23, 'https://www.facebook.com/YwayMal-120744162647905', '1609929184135296137_460263315362653_6844143478523923454_o.png', '2021-01-06 10:33:04.424934', '2021-01-06 10:33:04.424952');

-- --------------------------------------------------------

--
-- Table structure for table `cities`
--

CREATE TABLE `cities` (
  `id` int(222) NOT NULL,
  `name` varchar(222) COLLATE utf8_unicode_ci NOT NULL,
  `created_at` timestamp(6) NOT NULL DEFAULT CURRENT_TIMESTAMP(6) ON UPDATE CURRENT_TIMESTAMP(6),
  `updated_at` timestamp(6) NOT NULL DEFAULT '0000-00-00 00:00:00.000000'
) ENGINE=InnoDB DEFAULT CHARSET=utf8 COLLATE=utf8_unicode_ci;

--
-- Dumping data for table `cities`
--

INSERT INTO `cities` (`id`, `name`, `created_at`, `updated_at`) VALUES
(413, 'ခေါင်လန်ဖူးမြို့နယ်', '2021-01-17 03:13:26.454774', '2021-01-17 03:13:26.454446'),
(414, 'ဆွမ်ပရာဘွမ်မြို့နယ်', '2021-01-17 03:21:05.185593', '2021-01-17 03:21:05.185593'),
(415, 'နောင်မွန်းမြို့နယ်', '2021-01-17 03:24:44.919808', '2021-01-17 03:24:44.919808'),
(416, 'ပူတာအိုမြို့နယ်', '2021-01-17 03:29:52.948212', '2021-01-17 03:29:52.948212'),
(417, 'မချမ်းဘောမြို့နယ်', '2021-01-17 04:25:14.842043', '2021-01-17 04:25:14.842043'),
(418, 'ဗန်းမော်မြို့နယ်', '2021-01-17 04:30:55.066773', '2021-01-17 04:30:55.066773');

-- --------------------------------------------------------

--
-- Table structure for table `connumbers`
--

CREATE TABLE `connumbers` (
  `id` int(222) NOT NULL,
  `number` varchar(222) COLLATE utf8_unicode_ci NOT NULL,
  `cities_id` varchar(222) COLLATE utf8_unicode_ci NOT NULL,
  `state_id` varchar(222) COLLATE utf8_unicode_ci NOT NULL,
  `created_at` timestamp(6) NOT NULL DEFAULT CURRENT_TIMESTAMP(6) ON UPDATE CURRENT_TIMESTAMP(6),
  `updated_at` timestamp(6) NOT NULL DEFAULT '0000-00-00 00:00:00.000000'
) ENGINE=InnoDB DEFAULT CHARSET=utf8 COLLATE=utf8_unicode_ci;

--
-- Dumping data for table `connumbers`
--

INSERT INTO `connumbers` (`id`, `number`, `cities_id`, `state_id`, `created_at`, `updated_at`) VALUES
(618, '( ခေါင်လန်ဖူး မဲဆန္ဒနယ် )', '413', 'empty', '2021-01-17 03:23:30.583272', '2021-01-17 03:23:30.582836'),
(619, '( ဆွမ်ပရာဘွမ် မဲဆန္ဒနယ် )', '414', 'empty', '2021-01-17 03:21:49.850502', '2021-01-17 03:21:49.850502'),
(620, '( နောင်မွန်း မဲဆန္ဒနယ် )', '415', 'empty', '2021-01-17 03:25:31.655492', '2021-01-17 03:25:31.655492'),
(621, '( ပူတာအို မဲဆန္ဒနယ် )', '416', 'empty', '2021-01-17 03:30:44.819246', '2021-01-17 03:30:44.819246'),
(622, '( မချမ်းဘော မဲဆန္ဒနယ် )', '417', 'empty', '2021-01-17 04:25:53.796268', '2021-01-17 04:25:53.796268'),
(623, '( ဗန်းမော် မဲဆန္ဒနယ် )', '418', 'empty', '2021-01-17 04:31:41.902647', '2021-01-17 04:31:41.902647');

-- --------------------------------------------------------

--
-- Table structure for table `cons`
--

CREATE TABLE `cons` (
  `id` int(222) NOT NULL,
  `name` varchar(222) COLLATE utf8_unicode_ci NOT NULL,
  `connumber_id` varchar(222) COLLATE utf8_unicode_ci NOT NULL,
  `created_at` timestamp(6) NOT NULL DEFAULT CURRENT_TIMESTAMP(6) ON UPDATE CURRENT_TIMESTAMP(6),
  `updated_at` timestamp(6) NOT NULL DEFAULT '0000-00-00 00:00:00.000000'
) ENGINE=InnoDB DEFAULT CHARSET=utf8 COLLATE=utf8_unicode_ci;

--
-- Dumping data for table `cons`
--

INSERT INTO `cons` (`id`, `name`, `connumber_id`, `created_at`, `updated_at`) VALUES
(100, 'ပြည်သူ့လွှတ်တော်', '618', '2021-01-17 03:14:31.727525', '2021-01-17 03:14:31.727186'),
(101, 'ပြည်သူ့လွှတ်တော်', '619', '2021-01-17 03:22:09.056275', '2021-01-17 03:22:09.056275'),
(102, 'ပြည်သူ့လွှတ်တော်', '620', '2021-01-17 03:25:45.044292', '2021-01-17 03:25:45.044292'),
(103, 'ပြည်သူ့လွှတ်တော်', '621', '2021-01-17 03:30:56.032497', '2021-01-17 03:30:56.032497'),
(104, 'ပြည်သူ့လွှတ်တော်', '622', '2021-01-17 04:26:06.783627', '2021-01-17 04:26:06.783627'),
(105, 'ပြည်သူ့လွှတ်တော်', '623', '2021-01-17 04:31:58.834929', '2021-01-17 04:31:58.834929');

-- --------------------------------------------------------

--
-- Table structure for table `migrations`
--

CREATE TABLE `migrations` (
  `id` int(10) UNSIGNED NOT NULL,
  `migration` varchar(191) COLLATE utf8mb4_unicode_ci NOT NULL,
  `batch` int(11) NOT NULL
) ENGINE=InnoDB DEFAULT CHARSET=utf8mb4 COLLATE=utf8mb4_unicode_ci;

--
-- Dumping data for table `migrations`
--

INSERT INTO `migrations` (`id`, `migration`, `batch`) VALUES
(1, '2014_10_12_000000_create_users_table', 1),
(2, '2014_10_12_100000_create_password_resets_table', 1),
(3, '2016_06_01_000001_create_oauth_auth_codes_table', 1),
(4, '2016_06_01_000002_create_oauth_access_tokens_table', 1),
(5, '2016_06_01_000003_create_oauth_refresh_tokens_table', 1),
(6, '2016_06_01_000004_create_oauth_clients_table', 1),
(7, '2016_06_01_000005_create_oauth_personal_access_clients_table', 1);

-- --------------------------------------------------------

--
-- Table structure for table `names`
--

CREATE TABLE `names` (
  `id` int(199) NOT NULL,
  `name` varchar(199) COLLATE utf8_unicode_ci NOT NULL,
  `con_id` varchar(199) COLLATE utf8_unicode_ci NOT NULL,
  `created_at` timestamp(6) NOT NULL DEFAULT CURRENT_TIMESTAMP(6) ON UPDATE CURRENT_TIMESTAMP(6),
  `updated_at` timestamp(6) NOT NULL DEFAULT '0000-00-00 00:00:00.000000'
) ENGINE=InnoDB DEFAULT CHARSET=utf8 COLLATE=utf8_unicode_ci;

--
-- Dumping data for table `names`
--

INSERT INTO `names` (`id`, `name`, `con_id`, `created_at`, `updated_at`) VALUES
(31, 'ဦးဆင်ဆုန်း', '100', '2021-01-17 03:11:58.361412', '2021-01-17 03:11:58.361412'),
(32, 'ဒေါ်လရှန်ဘန်ထွယ်', '100', '2021-01-17 03:22:34.908778', '2021-01-17 03:22:34.908778'),
(33, 'ဦးရယ်ဒမ်းတန်', '100', '2021-01-17 03:26:12.109093', '2021-01-17 03:26:12.109093'),
(34, 'ဦးမိုးရွှေ', '100', '2021-01-17 03:31:14.659701', '2021-01-17 03:31:14.659701'),
(35, 'ဦးအကျောန်လအောင်', '100', '2021-01-17 04:26:24.934047', '2021-01-17 04:26:24.934047'),
(36, 'ဦးအောင်သိန်း', '105', '2021-01-17 04:32:22.829891', '2021-01-17 04:32:22.829891');

-- --------------------------------------------------------

--
-- Table structure for table `news`
--

CREATE TABLE `news` (
  `id` int(111) NOT NULL,
  `uploader_id` varchar(222) COLLATE utf8_unicode_ci NOT NULL,
  `title` varchar(155) COLLATE utf8_unicode_ci NOT NULL,
  `file` varchar(111) COLLATE utf8_unicode_ci NOT NULL,
  `slider` varchar(111) COLLATE utf8_unicode_ci NOT NULL,
  `file_type` varchar(222) COLLATE utf8_unicode_ci NOT NULL,
  `link` varchar(222) COLLATE utf8_unicode_ci DEFAULT NULL,
  `description` text COLLATE utf8_unicode_ci,
  `gorl` varchar(222) COLLATE utf8_unicode_ci DEFAULT NULL,
  `created_at` timestamp(6) NOT NULL DEFAULT CURRENT_TIMESTAMP(6) ON UPDATE CURRENT_TIMESTAMP(6),
  `updated_at` timestamp(6) NULL DEFAULT NULL
) ENGINE=InnoDB DEFAULT CHARSET=utf8 COLLATE=utf8_unicode_ci;

--
-- Dumping data for table `news`
--

INSERT INTO `news` (`id`, `uploader_id`, `title`, `file`, `slider`, `file_type`, `link`, `description`, `gorl`, `created_at`, `updated_at`) VALUES
(8, '1', 'First-Time Voters Campaign Yangon University August', '156739078169825519_1133181656892753_6850868815924822016_n.jpg', 'yes', '69825519_1133181656892753_6850868815924822016_n.jpg', 'https://www.facebook.com/new.myanmar.foundation/', NULL, '', '2019-09-01 19:49:41.000000', '2019-09-01 19:49:41.000000'),
(14, '1', 'Who start Body Sign in Hongkong Protesters?', '1567936339111.jpg', 'yes', 'image/jpeg', 'https://www.facebook.com/BBCnewsBurmese/videos/1205245996329580/', NULL, '', '2019-09-08 03:22:19.000000', '2019-09-08 03:22:19.000000'),
(30, '1', 'ကချင်သုံးပါတီပေါင်းထားတဲ့ ပါတီ ညီလာခံ ကျင်းပမယ်', '1573553942sfdrd.jpg', 'no', 'image/jpeg', NULL, 'အောက်တိုဘာ - ၃၀ ၊၂၀၁၉\r\n\r\nကချင်သုံးပါတီ ပူးပေါင်းထားတဲ့ ကချင်ပြည်နယ် ပြည်သူ့ပါတီက ၂၀၂၀နှစ်ဆန်းပိုင်းမှာ ပါတီညီလာခံ ကျင်းပမယ်လို့ ပါတီဥက္ကဌ ဒေါက်တာမနမ်တူးဂျာကပြောပါတယ်။\r\n\r\nအဲဒီ့ညီလာခံမှာ ဗဟိုအလုပ်အမှုဆောင်တွေ၊ ဗဟိုကော်မတီတွေ ရွေးချယ်တာကို အဓိကဆောင်ရွက်မယ်လို့ ဒေါက်တာမနမ်တူးဂျာကပြောပါတယ်။\r\n\r\nညီလာခံကတော့ရွေးချယ်တင်မြှောက်ပွဲတော့ပါတာပေါ့။ခေါင်းဆောင်သစ်တွေရွေးမယ်။ပိုပြီးပြည့်စုံအောင်အခုရေးဆွဲထားတာတွေကိုဖြည့်စွက်စရာရှိတာဖြည့်စွက်မယ်။ရှေ့လုပ်ငန်းစဉ်တွေကိုလည်းရေးဆွဲမယ်။ညီလာခံကတော့အဓိကဗဟိုအလုပ်အမှုဆောင်၊ဗဟိုကော်မတီတွေကိုလူမှန်နေရာမှန်ဖြစ်အောင်ရွေးချယ်တင်မြှောက်မယ်။နောက်ပေါ်လစီကိစ္စတွေပေါ့ဗျာ။ဒါတွေပါပဲ။ညီလာခံကတော့။\r\n\r\nကချင်ပြည်နယ် ဒီမိုကရေစီပါတီ (KSDP)၊ ကချင်ဒီမိုကရက်တစ်ပါတီ (KDP)၊ စည်းလုံးညီညွတ်ရေးနဲ့ ဖွံ့ဖြိုးရေးပါတီ ကချင်ပြည်နယ် (UDPKS)တို့ ပူးပေါင်းပြီး ကချင်ပြည်နယ် ပြည်သူ့ပါတီကို တည်ထောင်ခဲ့တာပါ။\r\n\r\nကချင်သုံးပါတီ ပူးပေါင်းတည်ထောင်လိုက်တဲ့ ကချင်ပြည်နယ် ပြည်သူ့ပါတီ (KSPP)ကိုတော့ ကော်မရှင်က ဇွန်လမှာ ပါတီမှတ်ပုံတင်ခွင့်ပြုလိုက်တာ ဖြစ်ပါတယ်။\r\n\r\nပါတီမှတ်ပုံတင်ခွင့်ကျပြီး လက်ရှိအချိန်ထိ ပါတီဝင်အင်အား သုံးသောင်းနီးပါးရှိပြီလို့သိရပါတယ်။\r\n\r\nKSPPပါတီအနေနဲ့ ၂၀၂၀ရွေးကောက်ပွဲမှာ ကချင်ပြည်နယ်အပြင် တခြားတိုင်းနဲ့ပြည်နယ်တွေမှာပါ ဝင်ရောက်ယှဉ်ပြိုင်မယ်လို့လည်း ပါတီဥက္ကဌ ဒေါက်တာမနာမ်တူးဂျာက ပြောပါတယ်။', 'local', '2019-11-12 10:19:02.938368', '2019-11-12 03:49:02.000000'),
(32, '1', 'ကိုလံဘီယာ က လိင်တူချစ်သူ အမျိုးသမီး မြို့တော်ဝန်', '1573456781bhbk.jpg', 'no', 'image/jpeg', NULL, 'ကိုလံဘီယာ က လိင်တူချစ်သူ အမျိုးသမီး မြို့တော်ဝန်\r\nကိုလံဘီယာ နိုင်ငံ၊ မြို့တော် ဘိုဂိုတာမှာတော့ ပထမဆုံး အမျိုးသမီး မြို့တော်ဝန် တစ်ဦး ကို ရွေးချယ် တင်မြှောက် ခဲ့ပါတယ်။\r\nအသက် ၄၉ နှစ် အရွယ် ကလော်ဒီယာ လိုပက်ဇ် ဟာ သူ့အနေနဲ့ အကျင့်ပျက် ချစားသူ တစ်ယောက် မဟုတ်ဘူး လို့ ကြေညာပြီး မြို့တော်ဝန် ရွေးကောက်ပွဲ ကို ဝင်ရောက်ယှဉ်ပြိုင် ခဲ့တာ ဖြစ်ပါတယ်။\r\nဆန္ဒမဲ ၃၅ ရာခိုင်နှုန်းကျော် ရရှိခဲ့ပြီး ဒါဟာ သူ့ကို ထောက်ခံသူ အများအပြား ရှိတယ် ဆိုတဲ့ မဲအရေအတွက် ရာခိုင်နှုန်း ရရှိမှု ဖြစ်ပါတယ်။ သူဟာ သတင်းမီဒီယာ သမား အဖြစ် ကနေ နိုင်ငံရေး လောက ထဲ ကို ဝင်ရောက် လာသူ တစ်ဦးပါ။\r\nမူးယစ်ဂိုဏ်းတွေ အချင်းချင်း တိုက်ခိုက်မှုတွေ ကို ချေမှုန်းဖို့၊ မွေးဖွားချိန် ကလေး သေဆုံးမှု များပြားနေတာ ကို လျော့ချရေး နဲ့ အကျင့်ပျက် ချစားမှု တိုက်ဖျက်ရေး စတဲ့ နိုင်ငံရေး မူဝါဒ တွေ နဲ့ ရွေးကောက်ပွဲ ကိုဝင်ရောက် ယှဉ်ပြိုင် ခဲ့တာဖြစ်ပါတယ်။\r\nကလော်ဒီယာ လိုပက်ဇ် ဟာ လိင်တူ အမျိုးသမီးချင်း ချစ်ခင် စုံမက်သူ တစ်ဦး ဖြစ်ပြီး၊ သူ မြို့တော်ဝန် အဖြစ် ရွေးချယ်ခံခဲ့ရတဲ့ အတွက် ကိုလံဘီယာ LGBT အသိုင်းအဝန်း ထဲမှာ ဂုဏ်ယူ ကြောင်း ပြောကြား နေကြပါတယ်။\r\nကိုလံဘီယာ မြို့တော်ဝန် ရာထူး ဟာ သမ္မတ အဖြစ် ဝင်ရောက် အရွေးချယ် ခံနိုင်ဖို့ အတွက် အရေးပါတဲ့ ရာထူးနေရာ အဖြစ်လည်း နိုင်ငံရေး လောကမှာ မှတ်ယူကြပါတယ်။ #ဘီဘီစီမြန်မာပိုင်း #ကိုလံဘီယံ #ဘိုကိုတာ #မြို့တော်ဝန် #အမျိုးသမီး', 'global', '2019-11-11 07:19:41.481236', '2019-11-11 00:49:41.000000'),
(33, '1', 'အကြမ်းဖက်အဖွဲ့အစည်းများနှင့် ညှိနှိုင်းစရာမရှိဟု AA တောင်းဆိုမှုအပေါ် တပ်မတော်တုံ့ပြန်', '1573560363hggj.jpg', 'no', 'image/jpeg', NULL, 'မည့်သည့်တပ်မတော်မှ အကြမ်းဖက်အဖွဲ့အစည်းများနှင့် မညှိနှိုင်းဟု ရက္ခိုင့်တပ်(AA) ၏ ထုတ်ပြန်ချက်အပေါ် တပ်မတော်ဘက်မှ တုံ့ပြန်ပြောဆို လိုက်သည်။\r\n\r\nစစ်ဖက်နှင့် သက်ဆိုင်သည့် သုံ့ပန်းချင်းလဲလှယ်လိုသည်ဟု ရက္ခိုင့်တပ် (AA) က နိုဝင်ဘာ ၁၁ ရက်နေ့ ရက်စွဲဖြင့် ထုတ်ပြန် တောင်းဆိုမှုအပေါ် တုန့်ပြန်ပြောဆိုခဲ့ခြင်း ဖြစ်သည်။\r\n\r\n “ နိုင်ငံတကာမှာရှိတဲ့ မည်သည့်တပ်မတော်မှ အကြမ်းဖက်အဖွဲ့အစည်းတွေရဲ့  အကြမ်းဖက်ခေါ်ဆောင်သွားသူတွေနဲ့ပက်သက်ပြီးတော့မှ ညှိနှိုင်းဆွေးနွေး တာမျိုးမရှိဘူး။ လုပ်စရာလည်းအကြောင်းမရှိဘူး ” ဟု တပ်မတော်သတင်းမှန်ပြန်ကြားရေးအတွင်းရေးမှူး ဗိုလ်မှူးချုပ် ဇော်မင်းထွန်းက မဇ္ဈိမသို့ပြောသည်။\r\n\r\nAA ဘက်မှ ထုတ်ပြန်ချက်သည် တပ်မတော်သို့ရည်ရွယ်ကာထုတ်ပြန်ေတာင်းဆိုခဲ့ခြင်းဖြစ်ကာ စစ်ဖက်နှင့်သက်ဆိုင်သည့် သုံ့ပန်း (၁၆) ဦးကိုလက်ရှိ ထိန်းသိမ်းထားကြောင်းဆိုသည်။\r\n\r\n “အစိုးရနဲ့ စစ်တပ်ဘက်က အကျဉ်းသားလဲလှယ်ရေးကို သဘောမတူဘူးဆိုရင်တော့ ကျွန်တော့်ဘက်ကလည်း အလားအတူပဲ လုပ်ဆောင်သွားမှာပါ” ဟု AA ပြန်ကြားရေးတာဝန်ခံ ခိုင်သုခကပြောသည်။\r\n\r\nအဆိုပါအကြောင်းအရာနှင့်ပက်သက်၍ ဗိုလ်မှူးချုပ်ဇော်မင်းထွန်းက  “တပ်မတော်ဘက်မှ ညှိနှိုင်းဆွေးနွေးစရာမရှိဘူး” ဟုပြောသည်။\r\n\r\nနိုင်ငံ နှစ်နိုင်ငံစစ်ဖြစ်၍ တိုက်ပွဲအတွင်းလက်နက်ချသော စစ်သုံ့ပန်းများကိုသာ နိုင်ငံအချင်းချင်းလဲလှယ်ချင်းမျိုးသာရှိကြောင်းလည်း ၎င်းကဆိုသည်။\r\n\r\nထို့အပြင် ရက္ခိုင့်တပ် (AA) မှနေ၍ ဖမ်းဆီးထားသည့် စစ်ဘက်နှင့်သက်ဆိုင်သူ (၁၆) ဦးကို သုံ့ပန်းဟူ၍ သုံးနူန်းခြင်းကိုလည်း ကန့်ကွက်လိုက်သည်။\r\n\r\nတပ်မတော်ဘက်မှ ဖမ်းဆီးစစ်ဆေးခဲ့မှုများလည်းရှိေသာ်လည်း ဉပဒေကြောင်းအရသာ တရားစွဲဆိုတင်ပို့ခဲ့ခြင်းဖြစ်ကာ တရားရုံး၏ အမိန့်ချမှတ် မှုအပေါ်သာနာခံခဲ့ကြောင်းလည်း  တပ်မတော် သတင်းမှန် ပြန်ကြားရေး တာဝန်ရှိသူက ဆိုသည်။\r\n\r\nရက္ခိုင့်တပ် (AA) နှင့် တပ်မတော်တို့ ဖြစ်ပွားနေသည့် တိုက်ပွဲများမှာ အချိန် တစ်နှစ်ခန့်အထိ ကြာမြင့်လာပြီး အရပ်သားထိခိုက်သေဆုံးမှုများလည်း တစ်နေ့ တစ်ခြားတိုး၍လာနေသည်။\r\n\r\nအလားတူ နှစ်ဖက်လုံးမှနေ၍ ဖမ်းဆီးစစ်ဆေးမှုများလည်းရှိေနပြီး ရခိုင်ပြည်နယ်အတွင်း စစ်ဘေးရှောင် ခြောက်သောင်းခန့်မှာလည်း စားဝတ်နေရေး အခက်အခဲများကြုံတွေ့နေရသည်။', 'local', '2019-11-12 12:06:03.506875', '2019-11-12 05:36:03.000000'),
(34, '1', 'ဟောင်ကောင်၌ ဖြစ်ပွားသော ဆန္ဒပြမှုများအတွင်း ဆန္ဒပြသူများနှင့် ရဲတပ်ဖွဲ့အကြား ရုန်းရင်းဆန်ခတ်မှုများ ဖြစ်ပွား', '1573619717nmnk.jpg', 'no', 'nmnk.jpg', NULL, 'ဟောင်ကောင်တွင် ဖြစ်ပွားနေသော ဆန္ဒပြလှုပ်ရှားမှုများအတွင်း အမျိုးသားတစ်ဦး မီးရှို့ခံရမှုနှင့် ရဲတပ်ဖွဲ့က ဆန္ဒပြလူငယ်တစ်ဦးအား သေနတ်ဖြင့် ပစ်ခတ်ခဲ့မှုတို့ ထွက်ပေါ်လာခဲ့ပြီးနောက် ဟောင်ကောင်၌ အကြမ်းဖက်ဆန်သော ဆန္ဒပြပဋိပက္ခများ မြင့်တက်လာနေခြင်းကို စိုးရိမ်ကြောင်း အနောက်အင်အားကြီးနိုင်ငံများက ပြောကြားနေကြစဉ် နိုဝင်ဘာ ၁၂ ရက်တွင် ဒီမိုကရေစီလိုလားသော ဆန္ဒပြသူများသည် ဟောင်ကောင်ရှိ အများပြည်သူ သယ်ယူပို့ဆောင်ရေးနေရာတွင် ဆန္ဒပြမှု လုပ်ဆောင်ခဲ့ကြသည်။ ဒီမိုကရေစီ လွတ်လပ်ခွင့်များကို တောင်းဆိုသော ဆန္ဒပြမှုများ ဟောင်ကောင်တွင် ဖြစ်ပွားနေသည်မှာ သီတင်းပတ် ၂၄ ပတ်အတွင်းသို့ ရောက်ရှိလာပြီဖြစ်သည်။\r\n\r\n\r\nနိုဝင်ဘာ ၁၂ ရက်တွင် မျက်နှာဖုံးစွပ်ထားသော ဆန္ဒပြသူများသည် လမ်းများကို ပိတ်ဆို့ခြင်း၊ မီးရထားသံလမ်းများပေါ်သို့ ပစ္စည်းများ ပစ်ချခြင်း၊ မြေအောက်ရထားပြေးဆွဲမှုများ နှောင့်နှေးကြန့်ကြာစေအောင် ပြုလုပ်ခြင်းတို့ လုပ်ဆောင်ခဲ့ရာမှ အဓိကရုဏ်းထိန်း ရဲတပ်ဖွဲ့နှင့် ဆန္ဒပြသူများအကြား ရုန်းရင်းဆန်ခတ်မှုများ ဖြစ်ပွားခဲ့သည်။\r\n\r\nCity University of Hong Kong တက္ကသိုလ်သို့ သွားရာလမ်းမများတွင် တားဆီးပိတ်ဆို့ခဲ့ကြသော ဆန္ဒပြသူများအား ရဲတပ်ဖွဲ့က မျက်ရည်ယိုဗုံးဖြင့် ပစ်ခတ်ခဲ့သည်။ ဟောင်ကောင်တက္ကသိုလ်၊ Chinese University of Hong Kong တက္ကသိုလ်ရှိ လမ်းများပေါ်တွင်လည်း မျက်နှာဖုံးစွပ်ထားသော တက်ကြွလှုပ်ရှားသူများက အတားအဆီးများချခြင်းတို့ ပြုလုပ်ခဲ့ကြသည်။ ထို့အပြင် Polytechnic တက္ကသိုလ်ဝင်းအတွင်း တက္ကသိုလ် ကျောင်းသူတစ်ဦးအား ဖမ်းဆီးရန် ရဲတပ်ဖွဲ့က ကြိုးပမ်းနေစဉ် ရုန်းရင်းဆန်ခတ်မှုများ ဖြစ်ပွားခဲ့သည်။ တက္ကသိုလ်စီမံခန့်ခွဲရေးအဖွဲ့မှ ကျောင်းသားကိုယ်စားလှယ် အွမ်လီက ရဲတပ်ဖွဲ့နှင့် ဆန္ဒပြသူများအကြား ပြေလည်မှုရစေရန် ကြိုးပမ်းပေးနေစဉ် ၎င်းင်းအား ရဲများက ရိုက်နှက်ခဲ့သည်ဟု ဆိုသည်။\r\n“ ရဲအရာရှိတွေက ပိုပြီးတော့တောင် မောက်မာကြတယ်။ ကြမ်းတမ်းကြပါတယ်။ သူတို့ရဲ့အလုပ်ကို ကျွန်တော်က ဝင်စွက်ဖက်တယ်လို့ ပြောပြီးတော့ ရဲခြောက်ယောက်၊ ခုနစ်ယောက်လောက်က ကျွန်တော့်ကို တရွတ်တိုက်ဆွဲသွားပြီးတော့ ရိုက်ပုတ်၊ ကန်ကျောက်ကြပါတယ်” ဟု လီက ၎င်းင်း၏လက်နှင့် ခြေထောက်များရှိ ပွန်းပဲ့ဒဏ်ရာများကို ပြသလျက် ပြောကြားခဲ့သည်။\r\n\r\nဟောင်ကောင်ရဲတပ်ဖွဲ့၏ ထိန်းချုပ်နိုင်မှုကို တရုတ်နိုင်ငံပိုင်သတင်းမီဒီယာက နိုဝင်ဘာ ၁၂ ရက်တွင် ချီးကျူးခဲ့ပြီး ဟောင်ကောင် ဆန္ဒပြမှုများကို ကိုင်တွယ်ရန်အတွက် တပ်ဖွဲ့ဝင် အင်အားလိုအပ်ပါက တရုတ်ပြည်သူ့ လွတ်မြောက်ရေး တပ်မတော်က ကူညီရန် အသင့်ရှိနေသည်ဟု ထုတ်ပြန်ခဲ့သည်။\r\n\r\nနိုဝင်ဘာ ၁၁ ရက်က ရဲတပ်ဖွဲ့နှင့် ဆန္ဒပြသူများအကြား ဖြစ်ပွားခဲ့သည့် ရုန်းရင်းဆန်ခတ်မှုအတွင်း ပစ်ခတ်မှုဖြစ်ပွားနေသည့် ဗီဒီယိုကို လူတစ်ဦးက Facebook ပေါ်သို့ တိုက်ရိုက်လွှင့်တင်ခဲ့ရာ ယင်းဗီဒီယို၌ ပစ္စတိုသေနတ်ကို ကိုင်ဆောင်ထားသော ရဲတစ်ဦးက ၎င်းင်းအနီးသို့ ချဉ်းကပ်လာသည့် မျက်နှာဖုံးဝတ် လက်နက်မဲ့ ဆန္ဒပြသူတစ်ဦးကို ပစ်ခတ်ခဲ့သည်ကို တွေ့မြင်ရသည်။ နောက်ထပ်ဗီဒီယိုတစ်ခုတွင်မူ ဒီမိုကရေစီလိုလားသော ဆန္ဒပြသူများနှင့် အငြင်းပွားမှုဖြစ်ခဲ့ပြီးနောက် မျက်နှာဖုံးစွပ်ထားသော ရန်လိုသူများက အမျိုးသားတစ်ဦးအား မီးလောင်လွယ်သော အရည်ဖြင့်လောင်းခဲ့ပြီး မီးရှို့ခဲ့သည်ကို တွေ့ မြင်ရသည်။ မီးရှို့ခံရသော အမျိုးသားနှင့် သေနတ်ဖြင့် ပစ်ခံရသော ဆန္ဒပြသူတို့မှာ စိုးရိမ်ရသည့် အခြေအနေတွင် ရှိနေဆဲဖြစ်ကြောင်း ဆေးရုံတာဝန်ရှိသူများက နိုဝင်ဘာ ၁၂ ရက်တွင် ပြောကြားခဲ့သည်။', 'global', '2019-11-13 04:35:37.716561', '2019-11-12 22:05:37.000000'),
(35, '1', 'နိုင်ငံရေးပါတီများ ဖျက်သိမ်းခံ ရပါက ၎င်းတို့၏ ပိုင်ဆိုင်မှုကို ပြည်သူ ပိုင်သိမ်းမည်ဖြစ်ကြောင်း', '1575004763uuk.jpg', 'no', 'uuk.jpg', NULL, 'နိုင်ငံရေးပါတီများ ဖျက်သိမ်းခံ ရပါက ၎င်းတို့၏ ပိုင်ဆိုင်မှုကို ပြည်သူ ပိုင်သိမ်းမည်ဖြစ်ကြောင်း ပြည်ထောင်စု ရွေးကောက်ပွဲကော်မရှင်မှ တာဝန်ရှိသူတစ်ဦးက  နိုင်ငံရေးပါတီများမှတ်ပုံ တင်ခြင်းနည်းဥပဒေကို ကိုးကား၍ ပြောပြချက်မှာ\r\nနိုင်ငံရေးပါတီများ မှတ်ပုံတင်ခြင်း နည်းဥပဒေ အခန်း (၄) ပုဒ်မ၂ဝ၊ ပုဒ်မခွဲ(က) တွင်နိုင်ငံရေးပါတီမှတ်ပုံ တင်ခြင်း ပယ်ဖျက်ခံရပါက ပါတီပိုင် ပစ္စည်းများအား နိုင်ငံတော်အစိုးရက သတ်မှတ်ပေးသည့်ဌာန၊ အဖွဲ့အစည်း သို့ သတ်မှတ်ထားသည့် နည်းလမ်း အတိုင်း အပ်နှံရမည်ဟု ဖော်ပြထား သည်။\r\nအောက်တိုဘာလအတွင်းက နိုင်ငံပိုင်သတင်းစာတွင် အမေရိကန် အခြေစိုက် International Foundation For Electoral System (IFES)  မှ မြန်မာနိုင်ငံအတွက် လက်ပ်တော့အလုံး ၁၃ဝဝ နှင့် ဆက်စပ် ပစ္စည်းများအပါအဝင် တင်ဒါနှစ်စောင် တင်သွင်းခဲ့ပြီး ယင်းမှာ ရွေးကောက်ပွဲ အရာရှိများအား နည်းပညာထောက်ပံ့ ပေးရန်နှင့် ရွေးကောက်ပွဲလုပ်ငန်းစဉ်များအတွက်ဖြစ်ကြောင်း ဖော်ပြခဲ့သည်။\r\n\r\nထိုအခြေအနေမှာ အထွေထွေ ရွေးကောက်ပွဲရလဒ်ကို ဝင်ရောက် ခြယ်လှယ်နိုင်ကြောင်း၊ ရွေးကောက်ပွဲ ကော်မရှင်အနေဖြင့် လွတ်လပ်၍တရား မျှတသောရွေးကောက်ပွဲဖြစ်စေရန် ထိန်းသိမ်းနိုင်စွမ်းရှိမည် မဟုတ်ကြောင်း ပြည်ထောင်စုကြံ့ခိုင်ရေးနှင့် ဖွံ့ဖြိုး ရေးပါတီအပါအဝင် နိုင်ငံရေးပါတီ ၂ဝ က ပြင်းထန်စွာကန့်ကွက်ခဲ့ကြသည်။\r\n\r\nယင်းပါတီ ၂ဝ ၏ ကန့်ကွက် စွပ်စွဲချက်မှာ အခြေအမြစ်မရှိသော အချက်အလက်မှားများကို အခြေခံကာ ပြည်ထောင်စုရွေးကောက်ပွဲကော်မ ရှင်၏ ဂုဏ်သိက္ခာကိုထိခိုက်စေသည့် အပြင် အထွေထွေရွေးကောက်ပွဲ အပေါ်မဲဆန္ဒရှင်များ အထင်အမြင်လွဲ စေနိုင်ကြောင်း၊ နိုင်ငံရေးပါတီများ မှတ်ပုံတင်ခြင်း ဥပဒေအရ ယင်းပါတီ များကို ပယ်ဖျက်နိုင်ကာ ဆက်လက်ကျူးလွန်ပါက ဥပဒေအရ အရေးယူ ဆောင်ရွက်မည်ဖြစ်ကြောင်း ပြည် ထောင်စုရွေးကောက်ပွဲ ကော်မရှင်က နိုဝင်ဘာ ၁၄ ရက်တွင် သတိပေး ချက်ထုတ်ပြန်ခဲ့သည်။\r\n\r\nသို့သော် ပြည်ထောင်စုကြံ့ခိုင်ရေး နှင့်ဖွံ့ဖြိုးရေးပါတီက ၎င်းတို့၏ တိုင်းနှင့်ပြည်နယ် ပါတီရုံးခွဲများမှ တစ်ဆင့် ပါတီ ၂ဝ ၏ ထုတ်ပြန်ချက်ကို ထောက်ခံကြောင်း ထုတ်ပြန်နေဆဲဖြစ်သည်။\r\n\r\nပြည်ထောင်စုရွေးကောက်ပွဲကော်မရှင်၏ သတိပေးခြင်းခံထားရသော နိုင်ငံရေးပါတီများအနက် ပြည်ထောင် စုကြံ့ခိုင်ရေးနှင့်ဖွံ့ဖြိုးရေးပါတီ၊ တိုင်းရင်းသားစည်းလုံးညီညွတ်ရေးပါတီ (တစည) တို့သည်ငွေကြေးနှင့် ပါတီ ဖွဲ့စည်းပုံအင်အားကြီးမားသော နိုင်ငံရေးပါတီများဖြစ်သည်။', NULL, '2019-11-28 22:49:23.000000', '2019-11-28 22:49:23.000000'),
(36, '1', 'သင္ဆရာ၊ ျမင္ဆရာ', '1575520654kllk.jpg', 'no', 'kllk.jpg', NULL, 'ဒီဇင္ဘာ ၃ ရက္ေန႕ထုုတ္ ျမန္မာ့အလင္းသတင္းစာမွာ ျပည္ေထာင္စုုေရြးေကာက္ပြဲ ေကာ္မရွင္ ဥကၠ႒ ဦးလွသိန္းေခါင္းေဆာင္တဲ့ အဖြဲ႕ တရုုတ္ျပည္သူ႕သမၼတ ႏုုိင္ငံကိုု ေလ့လာေရးခရီးထြက္ တယ္ဆိုုတဲ့သတင္းပါလာတယ္။\r\n\r\nသတင္းစာက အခုုခရီးစဥ္က ျမန္မာႏုုိင္ငံႏွင့္ တရုုတ္နိုုင္ငံၾကား ေရြးေကာက္ပြဲ စနစ္မ်ားႏွင့္ စပ္လ်ဥ္း၍ နားလည္မႈပိုုမိုုတိုုးျမွင့္ေရးဆိုုင္ရာ ခရီးစဥ္ျဖစ္တယ္လိုု႕ ေရးထားတယ္။ ဒါဟာ အေတာ္ အံ့ၾသစရာေကာင္းတဲ့ ရည္ရြယ္ခ်က္ပဲ။\r\n\r\nရိုုးရိုုးေလးပဲ စဥ္းစားၾကည့္ရေအာင္။ ျမန္မာႏုုိင္ငံက ပါတီစံုုစနစ္က်င့္သံုုးတယ္။ တရုုတ္ႏုုိင္ငံက တစ္ပါတီစနစ္က်င့္သံုုး တယ္။ ႏိုင္ငံေရးစနစ္လည္းမတူဘူး။ ေရြးေကာက္ပြဲစနစ္လည္းမတူဘူး။\r\n\r\nဒီေတာ့ ေရြးေကာက္ပြဲစနစ္ေတြနဲ႕ပတ္သက္ျပီး နားလည္မႈပိုုမိုုတိုုးျမွင့္ေရးဆိုုတာ ျမန္မာက တရုုတ္ကုုိ ပါတီစံုုေရြးေကာက္ပြဲနဲ႕ပတ္သက္ျပီး ရွင္းျပေပးဖိုု႕လား။ ဒါမွမဟုတ္ တရုုတ္ကြန္ျမဴနစ္ပါတီရဲ႕ တစ္ပါတီစနစ္ေရြးေကာက္ပြဲဆိုင္ရာ လုပ္ထံုးလုပ္နည္းေတြကို ေလ့လာဖို႕ လား။\r\n\r\nဘယ္သူက သင္ဆရာ၊ ျမင္ဆရာျဖစ္မလဲဆိုတာ စိတ္၀င္စားစရာပဲ။\r\n#yehtutcomment\r\n#UEC\r\n#Election\r\n#China', 'local', '2019-12-05 04:39:05.247298', '2019-12-04 22:09:05.000000'),
(37, '1', 'ဝန်ကြီးချုပ်များအား သက်တမ်းနှစ်ကြိမ်သာ ထမ်းဆောင်ခွင့်ပြုသည့် ဥပဒေကြမ်း မလေးရှားအစိုးရ လွှတ်တော် တင်သွင်း', '1575525783rrrr.jpg', 'no', 'rrrr.jpg', NULL, 'ဝန်ကြီးချုပ်များအား သက်တမ်းနှစ်ကြိမ်သာထမ်းဆောင်ခွင့်ပေးရန် သတ်မှတ်သည့် ဥပဒေကြမ်းတစ်ခုကို မလေးရှားအစိုးရက ဒီဇင်ဘာ ၃ ရက်တွင် လွှတ်တော်သို့ တင်သွင်းလိုက်ပြီဖြစ်သည်။မလေးရှားဝန်ကြီးချုပ် မဟာသီယာ မိုဟာမက်သည် ရွေးကောက်ပွဲအတွက် မဲဆွယ်စည်းရုံးစဉ်အတွင်း ပေးခဲ့သည့် ကတိကိုဖြည့်ဆည်းသည့်အနေဖြင့် ဥပဒေကြမ်းကို တင်သွင်းပေးခဲ့ခြင်းဖြစ်သည်။ ဝန်ကြီးချုပ်များအား သက်တမ်းအကြိမ်ကြိမ်ထမ်းဆောင်ခွင့်ပြုခြင်းကြောင့် အာဏာအလွဲသုံးစားလုပ်မှုများရှိခဲ့ကြောင်း လက်ရှိအစိုးရကပြောဆိုခဲ့သည်။\r\n\r\nနာဂျစ်ရာဇတ် ဝန်ကြီးချုပ်အဖြစ် တာဝန်ထမ်းဆောင်ချိန်တွင် နိုင်ငံပိုင်ရန်ပုံငွေ ဝမ်းအမ်ဒီဘီထံမှ ဒေါ်လာဘီလျံပေါင်းစွာကို အလွဲသုံးစားလုပ်ခဲ့ကြောင်း ဖော်ထုတ်ခံခဲ့ရပြီးနောက် အများပြည်သူ မကျေမနပ်ဖြစ်ခဲ့သည်။ ယမန်နှစ် မေတွင် ရွေးကောက်ပွဲကျင်းပခဲ့ရာ မဟာသီယာ၏ ပါကာတန် ဟာရာပန်ညွန့်ပေါင်းအဖွဲ့သည် မဲအပြတ်အသတ်ဖြင့် အနိုင်ရရှိခဲ့သည်။လွှတ်တော်သို့ တင်သွင်းထားသည့် ဥပဒေကြမ်းအရ ဝန်ကြီးချုပ်တစ်ဦးကို သက်တမ်းနှစ်ကြိမ်သာ ထမ်းဆောင်ခွင့်ပေးမည်ဖြစ်သည်။ ဥပဒေကြမ်းကို အတည်ပြုနိုင်ရန် လွှတ်တော်ရှိ အမတ် ၂၂၂ ဦးအနက် သုံးပုံနှစ်ပုံတို့က ထောက်ခံမဲပေးရန် လိုအပ်သည်။ ဥပဒေကြမ်းနှင့်ပတ်သက်၍ ၂၀၂၀ ပြည့်နှစ် မတ်တွင် ဆွေးနွေးရန် စီစဉ်ထားသည်။\r\n\r\nဝန်ကြီးချုပ်တစ်ဦး အာဏာအလွဲသုံးစားလုပ်ပြီး အကျင့်ပျက်ခြစားမှုများကျူးလွန်မည်ကို တားဆီးသည့်အနေဖြင့် မဟာသီယာ၏ ညွန့်ပေါင်းအဖွဲ့သည် ဝန်ကြီးချုပ်သက်တမ်း ကန့်သတ်သည့် ဖွဲ့စည်းပုံအခြေခံဥပဒေပြင်ဆင်ဖြည့်စွက်ချက်ကို အတည်ပြုနိ်ုင်အောင် ကြိုးပမ်းမည်ဖြစ်ကြောင်း ကတိပြုပြောဆိုခဲ့သည်။\r\nဝန်ကြီးချုပ်သက်တမ်းသုံးကြိမ်နီးပါးထမ်းဆောင်ခဲ့သည့် နာဂျစ်သည် ဝမ်းအမ်ဒီဘီမှ ဒေါ်လာ တစ်ဘီလျံကို တရားမဝင်ရယူခဲ့ကြောင်း စွပ်စွဲချက်များအပါအဝင် ပြစ်မှုများစွာဖြင့် တရားစွဲဆိုခံခဲ့ရသည်။မဟာသီယာသည် ၁၉၈၁ မှ ၂၀ဝ၃ ခုနှစ်အထိ ၂၂ ကြာ ဝန်ကြီးချုပ်အဖြစ် တာဝန်ထမ်းဆောင်ခဲ့ပြီးဖြစ်သည်။ မဟာသီယာသည် မလေးရှား၌ သက်တမ်းအရှည်ဆုံးဝန်ကြီးချုပ်လည်းဖြစ်သည်။\r\n\r\nဥပဒေကြမ်းနှင့်ပတ်သက်၍ မေးမြန်းသည့်အခါ မဟာသီယာက ၎င်းသည် ယခုအချိန်တွင် အသက် ၉၄ နှစ်ရှိပြီဖြစ်ပြီး အသက် ၁၀ဝ ပြည့်သည့်အချိန်အထိ တာဝန်ထမ်းဆောင်သည်ကို ပြည်သူက လိုလားသည်မလိုလားသည် မသိနိုင်ကြောင်း ဖြေဆိုခဲ့သည်။', 'local', '2020-09-11 15:18:57.985262', '2020-09-11 15:18:57.000000'),
(38, '1', 'မန်းတိုင်းအမတ်တစ်ဦးကို ပါတီတာဝန်များ NLD ရုတ်သိမ်', '1575612109ghghj.jpg', 'no', 'ghghj.jpg', NULL, 'အာဏာရ အမျိုးသားဒီမိုကရေစီအဖွဲ့ချုပ်(NLD)ပါတီတွင်း စုံစမ်းစစ်ဆေးမှုများ ပြုလုပ်ပြီးနောက် မန္တလေးတိုင်း လွှတ်တော်အမတ်တစ်ဦးကို ဒီဇင်ဘာ ၂ ရက်နေ့တွင် ပါတီတာဝန်အသီးသီးမှ ရုတ်သိမ်းလိုက်သည်။\r\n \r\nမန္တလေးတိုင်း၊ ပုသိမ်ကြီးမြို့နယ်၊ မဲဆန္ဒနယ်အမှတ်(၂)မှ တိုင်းလွှတ်တော်အမတ်ဖြစ်သူ ဦးရဲမင်းဦးကို ပါတီတာဝန်အသီးသီးမှ ရုတ်သိမ်းလိုက်ကြောင်း NLD ပါတီ၏ ဗဟိုအလုပ်အမှုဆောင်အဖွဲ့က စာဖြင့် အကြောင်းကြား ခဲ့သည်။\r\n\r\nNLD ၏ ပြောရေးဆိုခွင့်ရှိသူ ဒေါက်တာမျိုးညွှန့်က “ဆက်ဆံရေးအပိုင်းတွေ၊ တစ်ခြားအချက်အလက်တွေလည်း ရှိပါတယ်။ အသေးစိတ်တော့ ထုတ်မပြောပါဘူး။ သူ့အနေနဲ့က အယူခံခွင့် ရှိပါတယ်” ဟု ဒီဇင်ဘာ ၆ရက်တွင် မဇ္ဈိမကို ပြောသည်။\r\n\r\nပါတီတာဝန်အသီးသီးမှ ရုတ်သိမ်းမခံရမီက တိုင်းလွှတ်တော်အမတ် ဦးရဲမင်းဦးသည် မန္တလေးခရိုင်၊ NLD ပါတီ၏ အလုပ်အမှုဆောင်တစ်ဦးအဖြစ် နောက်ဆုံး တာဝန်ယူခဲ့သည်။', NULL, '2019-12-05 23:31:49.000000', '2019-12-05 23:31:49.000000'),
(39, '1', 'ပြည်ထောင်စုရွေးကောက်ပွဲ ကော်မရှင်အား အယုံအကြည်မရှိကြောင်း', '1575620486Untitled-1bcv.jpg', 'no', 'Untitled-1bcv.jpg', NULL, 'ပြည်ထောင်စုကြံ့ခိုင်ရေးနှင့် ဖွံ့ဖြိုးရေးပါတီ အပါအဝင် နိုင်ငံရေးပါတီ ၂၀ ပါတီကို နိုင်ငံရေးပါတီများ မှတ်ပုံတင်ခြင်းဥပဒေ ပုဒ်မ (၆) ဖြင့် သတိပေးခြင်းသည် ပထမဦးဆုံးအကြိမ်ဖြစ်ပြီး ယခင်က ပုဒ်မ (၆) ဖြင့် သတိပေးခဲ့ခြင်းမျိုးမရှိကြောင်း ပြည်ထောင်စု ရွေးကောက်ပွဲကော်မရှင်၏ ကော်မရှင်အဖွဲ့ဝင် ဦးသန်းဌေးက ပြောကြားသည်။ပြည်ခိုင်ဖြိုးပါတီ အပါအဝင် နိုင်ငံရေး ပါတီ ၂၀ ပါတီကို နိုင်ငံရေးပါတီများ မှတ်ပုံတင်ခြင်း ဥပဒေပုဒ်မ (၆) ဖြင့် သတိပေးခြင်းသည် လက်ရှိရွေးကောက်ပွဲ ကော်မရှင်၏သက်တမ်း၌ ပထမဦးဆုံးအကြိမ်ဖြစ်မလားနှင့် ယခင်က အလားတူ သတိပေးခဲ့ဖူးသည့် ပါတီများရှိပါသလားဆိုသည့် သတင်းထောက်တစ်ဦး၏ မေးမြန်းမှုကို “ ဒီပုဒ်မနဲ့တော့ ဒါပထမဆုံးအကြိမ်ပါ။ ဒီပုဒ်မနဲ့တော့ အရင်တုန်းက ဒီလိုမျိုး သတိပေးခဲ့တာ မရှိပါဘူး” ဟု ကော်မရှင်အဖွဲ့ဝင် ဦးသန်းဌေးက ပြန်လည်ဖြေကြားခဲ့ခြင်းဖြစ်သည်။\r\n\r\nဒီဇင်ဘာ ၄ ရက်က နေပြည်တော်ရှိ ပြည်ထောင်စု ရွေးကောက်ပွဲကော်မရှင်ရုံး၌ ကျင်းပသည့် အပတ်စဉ်သတင်းစာရှင်းလင်းပွဲတွင် ပြည်ခိုင်ဖြိုးပါတီအပါအဝင် နိုင်ငံရေး ပါတီ ၂၀ ပါတီကို နိုင်ငံရေးပါတီများ မှတ်ပုံတင်ခြင်း ဥပဒေပုဒ်မ (၆) ဖြင့် သတိပေးခြင်းနှင့် ပတ်သက်၍ သတင်းထောက်တစ်ဦး၏ မေးမြန်းမှုကို ဦးသန်းဌေးက အထက်ပါကဲ့သို့ ဖြေကြားခဲ့ခြင်းဖြစ်သည်။\r\n\r\nပြည်ခိုင်ဖြိုးပါတီအပါအဝင် ပါတီ ၂၀ က အမေရိကန်အခြေစိုက် International Foundation for Electoral System (IFES) ၏ ၂၀၂၀ ရွေးကောက်ပွဲအတွက် နည်းပညာ အကူအညီပေးမှုသည် နိုင်ငံ၏ကံကြမ္မာကို ပြောင်းလဲဖန်တီးနိုင်သော ရွေးကောက်ပွဲ ရလဒ်အား ပြည်ပနိုင်ငံတစ်ခုခု သို့မဟုတ် အဖွဲ့အစည်းတစ်ခုခုက ဝင်ရောက်စွက်ဖက် ခြယ်လှယ်မည့်အရေးကို ပြင်းထန်စွာ ရှုတ်ချကန့်ကွက်ခြင်းဆိုသည့် သဘောထားအပါအဝင် နိုဝင်ဘာ ၂ ရက်က ထုတ်ပြန်ခဲ့သည့် အချက်ကိုးချက်ပါဝင်သော ပူးတွဲသဘောထား ထုတ်ပြန်ကြေညာချက်နှင့် ပတ်သက်၍ နိုဝင်ဘာ ၁၅ ရက်က ထုတ်ဝေခဲ့သည့် နိုင်ငံပိုင်သတင်းစာများတွင် ပြည်ထောင်စုရွေးကောက်ပွဲ ကော်မရှင်က နိုင်ငံရေးပါတီများ မှတ်ပုံတင်ခြင်း ဥပဒေပုဒ်မ (၆) ဖြင့်  သတိပေးခဲ့ခြင်း ဖြစ်သည်။\r\n\r\nနိုင်ငံရေးပါတီများ မှတ်ပုံတင်ခြင်း ဥပဒေပုဒ်မ (၆) တွင် မှတ်ပုံတင်ထားသော မည်သည့်နိုင်ငံရေးပါတီမဆိုသည် အခြားအဖွဲ့အစည်း၏ ဂုဏ်သိက္ခာနှင့် ကျော်ကြားမှုကို ထိခိုက်အောင်မလုပ်ရန်  သဘောတူကြောင်းနှင့် ချိုးဖောက်ပါက ပြည်ထောင်စုရွေးကောက်ပွဲ ကော်မရှင် (UEC) ၏ မှတ်ပုံတင်စာရင်းမှ ပယ်ဖျက်သည်အထိ အရေးယူနိုင်ကြောင်း ဖော်ပြထားသည်။\r\n\r\nနိုင်ငံရေးပါတီအချို့မှ တာဝန်ရှိသူများက ပြည်ထောင်စုရွေးကောက်ပွဲ ကော်မရှင်အား အယုံအကြည်မရှိကြောင်း ဝေဖန်မှုများ နှင့်ပတ်သက်၍ မည်သို့တုံ့ပြန်ချင်ပါသလဲဆိုသည့် မေးမြန်းမှုကို “ ကျွန်တော်တို့က ဒီကနေ့အထိ မှန်မှန်ကန်ကန်၊ ဥပဒေနည်းဥပဒေတွေနဲ့အညီလည်း ဆောင်ရွက်နေပါတယ်။ ပွင့်လင်းမြင်သာမှုရှိအောင်လည်း လုပ်နေပါတယ်။ စံငါးချက်နဲ့ လုပ်မယ်ဆိုတာလည်း အကြိမ်ကြိမ် ကြေညာထားပြီးသား ဖြစ်ပါတယ်။ ခုနကပြောတဲ့ ပါတီ ၂၀ က မယုံကြည်ဘူးလို့ ပြောနေကြတာ။ မယုံကြည်တာ၊ ယုံကြည်တာကတော့ သူတို့သဘောဆန္ဒအတိုင်းပါ။ ဒီအပေါ်မှာတော့ ကျွန်တော်တို့ ဘာမှပြောစရာ မရှိပါဘူး” ဟု ဦးသန်းဌေးက ပြန်လည်ဖြေကြားသည်။\r\n\r\nနိုင်ငံရေးပါတီ ၂၀ က မယုံကြည်ဟုဆို သော်လည်း လက်ရှိတွင် မြန်မာနိုင်ငံ၌ နိုင်ငံရေး ပါတီ ၉၆ ပါတီရှိပြီး ပါတီပေါင်း ၇၆ ပါတီက ယုံကြည်သည်ဆိုသည့် အဓိပ္ပာယ်မျိုးပေါက်ကြောင်း ဦးသန်းဌေးက ပြောကြားသည်။\r\n\r\nဦးသန်းဌေးက “ အဲဒီတော့ ယုံကြည်မှုရှိအောင်လည်းပဲ ကျွန်တော်တို့က ကြိုးစားပါတယ်။ ကြိုးစားပြီးတော့ ဆောင်ရွက်ပါတယ်။ ကျွန်တော် တစ်ခုပြောချင်တာကတော့ နိုင်ငံတကာမှာရှိနေတဲ့ ရွေးကောက်ပွဲကော်မရှင် ဘယ်ကော်မရှင်မှ ရာနှုန်းပြည့် ယုံကြည်ပါတယ်ဆိုပြီးတော့ ပြောတာမျိုး မရှိခဲ့ပါဘူး။ ဒီလိုကြည့်ပါပဲ။ ပြောကြတာပါပဲ။ ယုံကြည်တာ၊ မယုံကြည်တာကတော့ တစ်ပိုင်းပါ။ သူတို့ ဆန္ဒပါပဲ” ဟု ပြောကြားသည်။', NULL, '2019-12-06 01:51:26.000000', '2019-12-06 01:51:26.000000'),
(40, '1', 'NLD ပါတီက ဆက်မရွေးပါက ပြည်သူ့ရှေ့ဆောင်ပါတီမှတစ်ဆင့် ရွေးကောက်ပွဲဝင်မည်ဟု ဦးကျော်ဇေယျပြေ', '1575629118hjh.jpg', 'no', 'hjh.jpg', NULL, '၂၀၂၀ ရွေးကောက်ပွဲတွင် NLD ပါတီက ကိုယ်စားလှယ်လောင်းအဖြစ် ဆက်လက်ရွေးချယ်ခြင်းမရှိပါက ပြည်သူ့ရှေ့ဆောင်ပါတီမှ ရွေးကောက် ပွဲဝင်ရောက်သွားမည်ဖြစ်ကြောင်း ဒဂုံမြို့နယ် မဲဆန္ဒနယ်အမှတ်(၂) လွှတ်တော်ကိုယ်စားလှယ် ဦးကျော်ဇေယျက ဒီဇင်ဘာ ၄ ရက်တွင် ပြောသည်။ \"NLDပါတီက နုတ်ထွက်ခွင့် မတင်သေးဘူး။ တင်ဖို့လည်း မရည် ရွယ်သေးပါဘူး။ ဘာကြောင့်လဲဆို တော့ ကျေးဇူးရှိတယ်။ နိုင်ငံရေး လောကကို အရောက်သွင်းပို့နိုင်တာ က NLD ပါပဲ ။ NLDက ကိုယ်စားလှယ်လောင်း မရွေးတော့ဘူးဆိုရင်တော့ နိုင်ငံ့အရေးကို ထမ်းဆောင် နိုင်အောင် စဉ်းစားရမှာပေါ့။ စောင့်ကြည့်မယ်။ ပါတီရွေးရင်လည်း ပြည်သူ့ ရှေ့ဆောင်ပါတီပဲ ဦးစားပေးမယ်။ အဲဒီ့ပါတီကနေ ရွေးကောက်ပွဲဝင်ပြိုင်မှာပါ\" ဟု ၎င်းက ပြောသည်။\r\n\r\n၂၀၁၈ ခုနှစ် စက်တင်ဘာလအတွင်းက ဦးကျော်ဇေယျနှင့် ဒေါက်တာ သက်သက်ခိုင်တို့နှစ်ဦးသည် မြို့နယ် NLD ပါတီ၏ အလုပ်အမှုဆောင် တာဝန်များမှ ရပ်နားခံခဲ့ရပြီးနောက် ယခုနှစ် အောက်တိုဘာ ၂၄ ရက်က ဒေါက်တာသက်သက်ခိုင်သည် NLDပါတီမှ မိမိဆန္ဒအလျောက် နုတ်ထွက်ခဲ့ခြင်းဖြစ်သည်။ ထို့နောက် ဒေါက်တာသက်သက်ခိုင်သည် ပြည်သူ့ရှေ့ဆောင်ပါတီကို တည်ထောင်ခဲ့ပြီး နိုဝင်ဘာ ၃၀ ရက်က ၎င်း၏ပါတီကို တရားဝင် မိတ်ဆက်ခဲ့သည်။\r\n\"အာဏာရပါတီက စီးပွားရေးတိုး တက်မှုရှိတယ်။ နိုင်ငံရေးတိုးတက်မှု ရှိတယ်ဆိုရင် နောက်ထပ်ပါတီတွေ တိုးပွားပြီး ဖွဲ့လာစရာအကြောင်းမရှိ ဘူး။ အခု ပါတီဖွဲ့လာတာတွေ များ လာတယ်။ အခမ်းအနားမှာဆိုရင်လည်း ပါတီအလံပဲရှိတယ်။ တစ်ဦး ချင်းအမြင်ပြောရရင် မကြိုက်ဘူး။ ပါတီရဲ့မူပဲ ထင်ပါတယ်။ ဒေါ်သက်သက်ခိုင်ပါတီက မြန်မာနိုင်ငံအလံ ရော ပါတီအလံပါ တွေ့ရတယ်။ လက်ရှိပါတီတွေထဲမှာ အကြိုက်ဆုံး ပါ။ စီးပွားရေးကို ဦးစားပေးတဲ့ပါတီလည်းဖြစ်သလို သူကိုယ်တိုင်လည်း စီးပွားရေးလုပ်ငန်းရှင်တစ်ယောက် ဖြစ်တဲ့အတွက် စီးပွားရေးကောင်းရင်တော့ နိုင်ငံရေး၊ ငြိမ်းချမ်းရေး၊ တရားဥပဒေစိုးမိုးရေးတွေ အဆင် ပြေနိုင်ပါတယ်\"ဟု ဦးကျော်ဇေယျ က သုံးသပ်ပြောသည်။ ထို့ပြင် လက်ရှိ NLDအစိုးရ၏ ကျန်နေသေးသည့် အချိန်သက်တမ်း ကာလအတွင်း ပြုပြင်ပြောင်းလဲမှုများကို လုပ်ဆောင်စေချင်ကြောင်း ၎င်းက အကြံပြုခဲ့သည်။', NULL, '2019-12-06 04:15:18.000000', '2019-12-06 04:15:18.000000'),
(41, '1', 'ICJ ကြားနာပွဲသို့ ဒေါ်အောင်ဆန်းစုကြည်တက်ရောက်နေ', '157597205579686069_1300915403412974_9068796666382909440_n.jpg', 'no', '79686069_1300915403412974_9068796666382909440_n.jpg', NULL, 'နိုင်ငံတော်၏အတိုင်ပင်ခံပုဂ္ဂိုလ်ဒေါ်အောင်ဆန်းစုကြည်သည် အပြည်ပြည်ဆိုင်ရာ တရားရုံး(ICJ)၌ ယနေ့စတင်သည့် ဂမ်ဘီယာ၏တရားစွဲဆိုထားမှုကြားနာပွဲသို့တက်ရောက်နေသည်။\r\n\r\nအဆိုပါကြားနာပွဲသို့ ဒေါ်အောင်ဆန်းစုကြည်သည် မြန်မာဘက်က ရှေ့နေလိုက်ပေးမည့် နိုင်ငံတကာရာဇဝတ်မှုနှင့် လူ့အခွင့်အရေးဥပဒေကျွမ်းကျင်ပညာရှင် ကနေဒါနိုင်ငံသားဝီလီလျံရှာ ဘတ်စ်၊ အခြားသော နိုင်ငံတကာရှေ့နေနှစ်ဦးနှင့်အတူ တက်ရောက်နေခြင်းဖြစ်သည်။ ထို့အတွက် မြန်မာအတွက် ရှေ့နေ သုံးဦး ICJ ၌ရှိနေခြင်းဖြစ်သည်။\r\n\r\nထို့အပြင် ကြားနားပွဲသို့ မြန်မာပူးတွဲကိုယ်စားလှယ်ဝန်ကြီးဦးကျော်တင့်ဆွေ၊ ဝန်ကြီး ဦးကျော်တင်၊ နိုင်ငံခြားရေးနှင့် ရှေ့နေချုပ်ရုံးမှတာဝန်ရှိသူများတက်ရောက်နေသည်ကိုတွေ့ရသည်။\r\n\r\nကြားနာပွဲသည် မြန်မာစံတော်ချိန် ၃ နာရီခွဲမှ ၆ နာရီကြာမြင့်မည် ဖြစ်သည်။', NULL, '2019-12-10 03:30:56.000000', '2019-12-10 03:30:56.000000'),
(42, '1', 'ယူကေရွေးကောက်ပွဲ  ဗြိတိန်ဘရက်ဇင်', '1576208562jph.jpg', 'no', 'jph.jpg', NULL, 'နှစ် ၁၀၀ နီးပါအတွင်း ပထမဆုံး အဖြစ် ဒီဇင်ဘာမှာ မဲပေးရမယ့် ဗြိတိန် ရွေးကောက်ပွဲ\r\n\r\nဒီဇင်ဘာ ၁၂ ရက် (ကြာသပတေးနေ့) ဒီနေ့မှာ ဆိုရင် ဗြိတိန် နိုင်ငံသား တွေဟာ နှစ် ၁၀၀ နီးပါး အတွင်း ပထမဆုံး အဖြစ် ဒီဇင်ဘာလ ထဲမှာ ကျင်းပတဲ့ အထွေထွေ ရွေးကောက်ပွဲကြီးမှာ မဲပေးရတော့မှာပါ။\r\n\r\nဒါဟာ ၂၀၁၅ မေ၊ ၂၀၁၇ ဇွန် အထွေထွေ ရွေးကောက်ပွဲ နောက်ပိုင်း ၅ နှစ် အတွင်း တတိယမြောက် အထွေထွေ ရွေးကောက်ပွဲလည်း ဖြစ်ပါတယ်။\r\n\r\nအင်္ဂလန်၊ ဝေလ၊ စကော့တလန်နဲ့ မြောက်အိုင်ယာလန် တို့ ပါဝင် ဗြိတိန် တဝန်း မဲဆန္ဒနယ်ပေါင်း ၆၅၀ က မဲရုံတွေဟာ ဂရင်းဝစ်ချ် စံတော်ချိန် နံနက် ၇ နာရီမှာ စတင်ဖွင့်လှစ်မှာပါ။\r\n\r\nဂရင်းဝစ်ချ် စံတော်ချိန် ညပိုင်း ၁၀ နာရီမှာ မဲရုံတွေ ပိတ်မှာ ဖြစ်ကာ အဲဒီအချိန်က စပြီး နောက်ပိုင်း မဲရေတွက်မှုတွေ စတင်မှာပါ။ မဲရလဒ် အများစုကို သောကြာနေ့ မှာ ကြေညာနိုင်ဖွယ် ရှိပါတယ်။\r\n\r\nယူကေ မှာ ရွေးကောက်ပွဲတွေကို ၄ နှစ် သို့မဟုတ် ၅ နှစ် တစ်ခါ ကျင်းပ လေ့ရှိတာပါ။\r\nဒါပေမယ့် ပြီးခဲ့တဲ့ အောက်တိုဘာ မှာ ပါလီမတ် အမတ်တွေက ရွေးကောက်ပွဲ ကျင်းပဖို့ ဆန္ဒပြုခဲ့ကြပါတယ်။ ဒါဟာ ၁၉၇၄ နောက်ပိုင်း ပထမဆုံး အဖြစ် ဆောင်းရာသီ မှာ ရွေးကောက်ပွဲ ကျင်းပတာ ဖြစ်သလို ၁၉၂၃ နောက်ပိုင်း ပထမဆုံး အဖြစ် ဒီဇင်ဘာလထဲမှာ ကျင်းပတာလည်း ဖြစ်ပါတယ်။\r\n\r\nလက်ရှိ လက်ဝန်ကြီးချုပ် ဘောရစ်ဂျွန်ဆင် နဲ့ အတိုက်အခံ လေဘာပါတီ ခေါင်းဆောင် ဂျယ်ရမီကိုဘင် နှစ်ယောက်လုံးက ရွေးကောက်ပွဲ မဲဆွယ်ရာမှာ ဗြိတိန် ဥရောပ သမဂ္ဂ နုတ်ထွက်တဲ့ ကိစ္စ ဘရက်ဇစ် နဲ့ အများပြည်သူ ဝန်ဆောင်မှု ဆိုင်ရာ ကိစ္စရပ်တွေကို အသားပေး ပြောဆို စည်းရုံးခဲ့ကြပါတယ်။\r\n\r\nဒီရွေးကောက်ပွဲဟာ ဘရက်ဇစ် ကံကြမ္မာ ဘယ်လို ဖြစ်လာမလဲ ဆိုတာ အတွက်လည်း အရေးပါတဲ့ ရွေးကောက်ပွဲ ဖြစ်ပါတယ်။', NULL, '2019-12-12 21:12:42.000000', '2019-12-12 21:12:42.000000'),
(43, '1', 'ကော်မတီအပေါ် ပုတ်ခတ်ပြောသည့်သဘော သက်ရောက်နေသဖြင့် လွှတ်တော်မှတ်တမ်းမှ ထုတ်ပယ်ပေးရန် NLD လွှတ်တော်ကိုယ်စားလှယ် တင်ပြ', '1576656261erqfer.jpg', 'no', 'erqfer.jpg', NULL, 'ဖွဲ့စည်းပုံအခြေခံဥပဒေပြင်ဆင်ရေး ၄၅ ဦးကော်မတီ၏ အစည်းအဝေး ဆောင်ရွက်နေမှုများကို Live (တိုက်ရိုက်) လွှင့်ပြသပေးရန် တပ်မတော်သား လွှတ်တော်ကိုယ်စားလှယ် ဒုတိယဗိုလ်မှူးကြီး ဉာဏ်ရွှေက ပြောကြားသည်။\r\n\r\n\r\nကရင်ပြည်နယ် မဲဆန္ဒနယ် အမှတ်(၅) မှ အမျိုးသားလွှတ်တော် ကိုယ်စားလှယ် ဦးစိုင်းသန်းနိုင် အပါအဝင် ပြည်ထောင်စုလွှတ်တော် ကိုယ်စားလှယ် ၁၄၅ ဦး တင်ပြထားသော ဖွဲ့စည်းပုံအခြေခံဥပဒေကို ဒုတိယအကြိမ် ပြင်ဆင်သည့် ဥပဒေကြမ်းနှင့် စပ်လျဉ်း၍ လေ့လာစိစစ်ရေး ပူးပေါင်းကော်မတီ၏ အစီရင်ခံစာအပေါ် ဒီဇင်ဘာ ၁၁ ရက်က ပြုလုပ်သော ပြည်ထောင်စုလွှတ်တော် အစည်းအဝေးတွင် လွှတ်တော်ကိုယ်စားလှယ်များက ဆွေးနွေးခဲ့ကြခြင်း ဖြစ်သည်။\r\n“တိုင်းရင်းသား ပြည်သူလူထု တစ်ရပ်လုံး ၄၅ ဦး ကော်မတီရဲ့ လုပ်ဆောင်ချက်တွေ ဘယ်လိုတွေ ဆောင်ရွက်နေတယ်ဆိုတာ သိအောင်ဖော်ပြဖို့ ဆန္ဒများ ရှိမလားလို့ပါ။ ဆောင်ရွက်ချက်များနဲ့ ပတ်သက်ပြီး ပွင့်လင်းမြင်သာမှု ရှိအောင် တိုင်းရင်းသားများအရေး ဦးစားပေးတယ် ဆိုတာလဲ ပေါ်လွင်လာအောင် ယခုဆွေးနွေးနေတဲ့ ၄၅ ဦး ကော်မတီ ရဲ့ နေ့စဉ်အစည်းအဝေး ဆောင်ရွက်နေမှုများကို သတင်းယူခွင့် ပြုလိုက်ရင် တစ်နိုင်ငံလုံး စောင့်ကြည့်နေတဲ့ ပြည်သူလူထု တစ်ရပ်လုံးအတွက် အစည်းအဝေး ကျင်းပနေချိန် LIVE ထုတ်လွှင့်ပေးလိုက်ရင် ကောင်းမလားလို့ပါ။ ၄၅ ဦးကော်မတီရဲ့ တာဝန်အပိုဒ် ၄ ၊ အပိုဒ်ခွဲ(ဌ) ကို ဆောင်ရွက်နေတဲ့အချိန် ရောက်နေသလို တိုင်းရင်းသား ပြည်သူလူထု တစ်ရပ်လုံးအတွက် ပြင်ဆင်နေတာလည်း ဖြစ်တာကြောင့် အစည်းအဝေး ဆောင်ရွက်ချက်များနဲ့ပတ်သက်ပြီး လျှို့ဝှက်ဖို့ မလိုအပ်ဘူးလို့ သုံးသပ်မိတဲ့အတွက် LIVE လွှင့်ဖို့ အကြံပြုတင်ပြရင်း နိဂုံးချုပ်ပါတယ်”ဟု ဒုတိယဗိုလ်မှူးကြီး ဉာဏ်ရွှေက ပြောကြားသည်။\r\n\r\nထို့ပြင် ၄၅ ဦးကော်မတီအတွင်း၌ ဘုံသဘောတူညီချက်ရရှိရေး ဆွေးနွေးနေသည်ဟု သိနေရပြီး ၃၇၆၅ ချက်အား ဘုံသဘောတူညီချက် ရရှိရေးအတွက် လွှတ်တော် ရပ်နားချိန်များလည်း ၄၅ ဦး ကော်မတီအနေဖြင့် အစည်းအဝေးများ ဆောင်ရွက်နေကြောင်း သိရသည့်အတွက် ဆောင်ရွက်မှုများအပေါ် များစွာ ကျေးဇူးတင်ကြောင်း ၎င်းကဆိုသည်။\r\n\r\nထိုသို့ တပ်မတော်သား ကိုယ်စားလှယ်၏ ဆွေးနွေးချက် ဖြစ်သော ၄၅ ဦး ကော်မတီ၏ အစည်းအဝေး ဆောင်ရွက်နေမှုအား LIVE လွှင့်ပေးရန် ပြောကြားချက်အပေါ် NLD ပါတီမှ ကိုယ်စားလှယ်တစ်ဦးဖြစ်သူ ဥပဒေကြမ်း ပူးပေါင်းကော်မတီအဖွဲ့ဝင် ဦးနေမျိုးထွန်းက ဆွေးနွေးချက်အား မှတ်တမ်းမှ ပယ်ဖျက်ပေးရန် ပြည်ထောင်စုလွှတ်တော် နာယကထံသို့ တင်ပြခဲ့သည်။ “ဒုတိယဗိုလ်မှူးကြီး ဉာဏ်ရွှေ ဆွေးနွေးသွားတဲ့အထဲမှာ ကျွန်တော်တို့ ၄၅ ဦး ကော်မတီဟာ ပွင့်လင်းမြင်သာမှုရော ရှိရဲ့လား။ ဆွေးနွေးပွဲတွေကို LIVE လွှင့်ပြပါလား ဆိုတာမျိုးတွေ ပါပါတယ်။ ဒါ ၄၅ ဦး ကော်မတီပေါ်မှာ တစ်မျိုးမြင်အောင် ပုတ်ခတ်ပြောဆိုတဲ့ သဘော သက်ရောက်ပါတယ်။ နာယကကြီး ဖွဲ့ပေးတဲ့ ဖွဲ့စည်းမိန့်မှာကိုက ၄၅ ဦးကော်မတီရဲ့ အပိုဒ်(၄)(ည) မှာ ကော်မတီရဲ့ ဆွေးနွေးချက်၊ ညှိနှိုင်းသုံးသပ်ချက်တွေ၊ တင်ပြချက်တွေက လွှတ်တော်သို့ မတင်ပြမီထိ ပေါက်ကြားခြင်း မရှိစေရလို့ ပါပါတယ်။ နောက်တစ်ခုက ဗိုလ်မှူးကြီး ဉာဏ်ရွှေ တင်ပြနေတဲ့ကိစ္စက ဆွေးနွေးတဲ့ကိစ္စနဲ့ တိုက်ရိုက် မသက်ဆိုင်ဘဲနဲ့ ၄၅ ဦးရဲ့ လုပ်ဆောင်ချက်တွေကို ပုတ်ခတ်ပြောဆိုတဲ့သဘော သက်ရောက်တဲ့အတွက် ပြည်ထောင်စုလွှတ်တော်ဆိုင်ရာ နည်းဥပဒေ ၁၉(ည)နဲ့လည်း ငြိစွန်းပါတယ်။ ဒီစကားရပ်တွေကို လွှတ်တော်မှတ်တမ်းက ထုတ်ပယ်ပေးဖို့ တင်ပြပါတယ်” ဟု ဦးနေမျိုးထွန်းက ပြောကြားသည်။\r\n\r\nထိုသို့ ဥပဒေကြမ်း ပူးပေါင်းကော်မတီဝင် ဦးနေမျိုးထွန်း၏ တင်ပြချက်နှင့် ပတ်သက်၍ မှတ်တမ်းတင်ထားမည်ဖြစ်ကာ လွှတ်တော်ကိုယ်စားလှယ်များ ဆွေးနွေးမှု ပြီးဆုံးချိန်တွင် လုံးကောက်ပြန်ကြည့်၍ ပြန်လည် စိစစ်ဆုံးဖြတ်မည် ဖြစ်ကြောင်း ပြည်ထောင်စုလွှတ်တော် နာယကက ပြောကြားခဲ့သည်။', NULL, '2019-12-18 01:34:21.000000', '2019-12-18 01:34:21.000000'),
(44, '1', 'ပါကစ္စတန် စစ်အာဏာရှင်ဟောင်း မူရှာရက်ဖ်အား နိုင်ငံတော် သစ္စာဖောက်မှုဖြင့် သေဒဏ် ချမှတ်', '1576657925fyuuj.jpg', 'no', 'fyuuj.jpg', NULL, 'ပါကစ္စတန် စစ်အာဏာရှင်ဟောင်း ပါဗက်ဇ် မူရှာရက်ဖ်အား နိုင်ငံတော်သစ္စာဖောက်မှုဖြင့် အကြမ်းဖက်မှုတိုက်ဖျက်ရေး အထူးတရားရုံးတစ်ရုံးက ဒီဇင်ဘာ ၁၇ ရက်တွင် သေဒဏ်ချမှတ်လိုက်ပြီဖြစ်သည်။\r\n\r\nဗိုလ်ချုပ်ကြီးဟောင်း မူရှာရက်ဖ်အား နိုင်ငံတော် သစ္စာဖောက်မှု၊ ဖွဲ့စည်းပုံ အခြေခံဥပဒေ ချိုးဖောက်မှု စွဲချက်များဖြင့် တရားစွဲဆိုခဲ့ပြီး ယခုကဲ့သို့ သေဒဏ်ပြစ်ဒဏ်ကို ချမှတ်လိုက်ခြင်း ဖြစ်သည်။\r\n\r\n“ ပါဗက်ဇ် မူရှာရက်ဖ်ဟာ ပါကစ္စတန် ဖွဲ့စည်းပုံ အခြေခံဥပဒေကို ချိုးဖောက်ခဲ့မှုအတွက် ဥပဒေအပိုဒ်ခွဲ ၆ အရ အပြစ်ရှိတယ်ဆိုတာကို စစ်ဆေးတွေ့ရှိခဲ့ပါတယ်” ဟု အစိုးရ ဥပဒေအရာရှိ ဆော်လ်မန် နာဒီးမ်က ပြောသည်။\r\n\r\n၎င်းသည် ၂၀၀၇ ခုနှစ်က အရေးပေါ် ဥပဒေ ပြဌာန်းကာ နိုင်ငံကို အုပ်ချုပ်ခဲ့မှုအတွက် နိုင်ငံတော်သစ္စာဖောက်မှုဖြင့် အမှုရင်ဆိုင်နေခဲ့ရခြင်းဖြစ်သည်။\r\n\r\nဗိုလ်ချုပ်ကြီးဟောင်း မူရှာရက်ဖ်သည် ယင်းနိုင်ငံတွင် ၁၉၉၉ ခုနှစ်က စစ်တပ်အာဏာသိမ်းမှုနှင့်အတူ အာဏာရယူပြီး သမ္မတအဖြစ် ၂၀၀၁ ခုနှစ်မှ ၂၀၀၈ ခုနှစ်အထိ တာဝန်ယူခဲ့သူ ဖြစ်သည်။ လက်ရှိအချိန်တွင်လည်း ပြည်ပတွင် နေထိုင်နေကြောင်း သိရသည်။', NULL, '2019-12-18 02:02:05.000000', '2019-12-18 02:02:05.000000'),
(45, '1', 'အခြေခံပညာအလယ်တန်းနှင့် အထက်တန်းများတွင် ဒီမိုကရေစီစနစ်နှင့် လွှတ်တော်အခန်းကဏ္ဍတို့အား သင်ရိုးညွှန်းတမ်းတွင်ပြဋ္ဌာန်းရန် စီစဉ်နေ', '1576827078jkkk.jpg', 'no', 'jkkk.jpg', NULL, 'အခြေခံပညာအလယ်တန်းနဲ့ အထက်တန်းတွေမှာ ဒီမိုကရေစီစနစ်နဲ့ လွှတ်တော်အခန်းကဏ္ဍတွေကို သင်ရိုးညွှန်းတမ်းမှာပြဋ္ဌာန်းဖို့ စီစဉ်နေတယ်လို့ ပြည်သူ့လွှတ်တော်အစည်းအဝေးမှ သိရပါတယ်။\r\n\r\nအခြေခံပညာကဏ္ဍ၊ အခြေခံပညာသင်ရိုးညွှန်းတမ်း အညွှန်းဘောင်တွင်ပါဝင်သည့် အဓိက အခြေခံပညာရေးရည်မှန်းချက်များတွင် ပြည်သူ့နီတိနှင့် ဒီမိုကရေစီအလေ့အကျင့်ကောင်းများကို လက်တွေ့ကျင့်သုံးတတ်ပြီး ဥပဒေကို လေးစားလိုက်နာတတ်သည့် နိုင်ငံ့သားကောင်းများ ဖြစ်စေရန် ဆိုသည့်အချက်ကို အဓိကထား ရည်မှန်းထားပါကြောင်း၊ ၎င်းရည်မှန်းချက်နှင့်အညီ ဒီမိုကရေစီစနစ်နှင့် စပ်လျဉ်းပြီး အခြေခံပညာသင်ရိုးညွှန်းတမ်း၊ သင်ရိုးသစ် ဆဋ္ဌမတန်း၊ စာရိတ္တနှင့်ပြည်သူ့နီတိဘာသာရပ်၏ အခန်း(၃) စည်းကမ်းနှင့်ဥပဒေအခန်းတွင် ထည့်သွင်းပြဋ္ဌာန်းသင်ကြားရန် စီစဉ်ပြီးဖြစ်ကြောင်း ပညာရေးဝန်ကြီးဌာန ဒုတိယဝန်ကြီး ဦးဝင်းမော်ထွန်းက ပြောပါတယ်။\r\n\r\nအဆိုပါသင်ခန်းစာတွေကို လေ့လာသင်ကြားခြင်းအားဖြင့် ကျောင်းသား၊ ကျောင်းသူတွေ အနေနဲ့ ကျောင်းနှင့်လူမှုအဖွဲ့အစည်းတွေ အတွက် ဒီမိုကရေစီကျင့်စဉ်များကို လက်တွေ့လေ့ကျင့် သင်ယူနိုင်ပြီး နိုင်ငံရဲ့ ဒီမိုကရေစီလုပ်ငန်းတွေမှာ ပါဝင်ဆောင်ရွက်နိုင်သူတွေဖြစ်မယ်လို့ ရည်ရွယ်တာဖြစ်တယ်လို့ သိရပါတယ်။\r\n\r\nသင်ရိုးသစ် သတ္တမတန်းနှင့် အဋ္ဌမတန်း၊ နဝမတန်းတို့တွင်လည်း ကျောင်းသား၊ ကျောင်းသူများအား တာဝန်ယူတတ်သည့် နိုင်ငံ့သားကောင်းများဖြစ်လာစေရန်၊ ဒီမိုကရေစီ၏ အလေ့အကျင့်ဖြစ်သော တာဝန်ယူမှု၊ တာဝန်ခံမှုတို့ကို နေ့စဉ်ဘဝတွင် လက်တွေ့ကျင့်သုံးလာနိုင်စေရန်၊ နိုင်ငံသားတစ်ဦး၏တာဝန်နှင့် သင့်လျော်သော ဒီမိုကရေစီအလေ့အကျင့်များကို လေ့ကျင့်လိုက်နာတတ်စေရန်၊ နိုင်ငံ့သားကောင်းဖြစ်စေရန် အထောက်အပံ့ပြုမည့် ဒီမိုကရေစီဆိုင်ရာ အလေ့အကျင့်ကောင်းများကို ဆန်းစစ်တတ်စေရန်နှင့် ဆန္ဒမဲပေးရွေးချယ်ရေးများ လက်တွေ့ပါဝင်စေခြင်းဖြင့် ဒီမိုကရေစီ၏လုပ်ငန်းစဉ်အဆင့်ဆင့်တွင် တာဝန်ကျေပွန်စွာ ပါဝင်ဆောင်ရွက်တတ်သူများ ဖြစ်လာစေရန် သင်ခန်းစာများတွင် ထည့်သွင်းပြီးဖြစ်ပါကြောင်း၊ သင်ရိုးသစ် ဒဿမတန်း (Grade-10) စာရိတ္တနှင့်ပြည်သူ့နီတိဘာသာရပ် အခန်း (၃) တွင်လည်း ဖွဲ့စည်းပုံအခြေခံဥပဒေတွင် မပါဝင်သည့် စီမံခန့်ခွဲရေး၊ ဥပဒေပြုရေးနှင့် တရားစီရင်ရေးကဏ္ဍများနှင့် လွှတ်တော်၏ အခန်းကဏ္ဍကိုလည်း ထည့်သွင်းသင်ကြားရန် စီစဉ်ထားပြီးဖြစ်ပါကြောင်း ဦးဝင်းမော်ထွန်းက ပြန်လည်ဖြေကြားခဲ့ပါတယ်။\r\n\r\nသင်ရိုးညွှန်းတမ်းများ ထည့်သွင်းပြဋ္ဌာန်းသည့်အခါ ကော်မရှင်များနှင့် Stakeholder များ ဆွေးနွေးပြီးမှ အခြေခံပညာရေးမူဘောင် (Framework) ကို ရေးဆွဲပြီး ၎င်း သင်ရိုးညွှန်းတမ်းများ ပြုစုရာတွင် မူဘောင်အရသာ ဆောင်ရွက်မှာ ဖြစ်တယ်လို့သိရပါတယ်။', NULL, '2019-12-20 01:01:19.000000', '2019-12-20 01:01:19.000000'),
(46, '1', 'ကချင်ပြည်နယ်မှာ မဲစာရင်း မကောက်နိုင်တဲ့ကျေးရွာအုပ်စု ၂၀၀ ကျော်ရှိနေ', '1576923545jknl;.jpg', 'no', 'jknl;.jpg', NULL, 'Zawgyi\r\n\r\nကချင်ပြည်နယ်မှာ မဲစာရင်းမကောက်ယူနိုင်တဲ့ကျေးရွာအုပ်စု ၂၀၀ ကျော်ရှိနေ\r\n\r\nမြစ်ကြီးနား၊ ဒီဇင်ဘာ ၂၁-၂၀၁၉\r\nရန်အောင်ထွန်း(VOM)\r\n\r\nကချင်ပြည်နယ်မှာ မဲစာရင်းမကောက်ယူနိုင်တဲ့ကျေးရွာအုပ်စု ၂၀၀ ကျော်ရှိနေတယ်လို့ ပြည်နယ်ရွေးကောက်ပွဲကော်မရှင်ရဲ့ စာရင်းတွေအရသိရပါတယ်။\r\n\r\nမကောက်ယူနိုင်တဲ့ အရေအတွက်ကို အမျိူအစားခွဲထားရာမှာတော့ ကျေးရွာအုပ်စုပျက်သွားတဲ့ ရွာအုပ်စု (၁၁၃) အုပ်စု ၊ လက်နက်ကိုင်အဖွဲ့တွေ စုဝေးနေတဲ့ နယ်မြေမှာ ကျေးရွာအုပ်စု (၅၀) အုပ်စု၊ တိမ်းရှောင်အုပ်စု (၁၉) အုပ်စု ၊ လုံခြုံရေးကန့်သတ်နယ်မြေက ကျေးရွာအုပ်စု (၂၀) ရှိပါတယ်။\r\n\r\n\" (၂၀၁၅) ခုနှစ်က (၂၁၂) အုပ်စုစာရင်ထက်တော့ လျော့သွားပါတယ် နောက်ပိုင်းတော့ ငြိမ်းချမ်းရေး ရရှိမှုအပေါ် မူတည်ပြီး ပြောင်းလဲသွားနိုင်တယ် \" လို့ ကချင်ပြည်နယ် ရွေးကောက်ပွဲကော်မရှင် ဥက္ကဌ ဒေါ်မေရီမီနန်ကပြောပါတယ်။\r\n\r\nပြည်နယ် (လဝက) ဝန်ကြီး ဦးဇော်ဝင်းကတော့ လာမယ့် ရွေးကောက်ပွဲအတွက် မဲဆန္ဒရှင်တွေ အဆင်ပြေချောမွေ့စွာ မဲပေးနိုင်ဖို့ \" စစ်ရှောင်စခန်းတွေ ၊ ဘုရားကျောင်းတွေ ၊ စာသင်းကျောင်းတွေအထိ လိုက်ပြီး မှတ်ပုံတင်လုပ်ပေးထားတယ်။ ‌နောက် တပ်နဲ့ တပ်မိသားစု‌တွေကို အိမ်ထောင်စုဇယား မှတ်ပုံတင် လိုက်လုပ်ပေးထားပါတယ်။ ထွေအုပ်ကပေးတဲ့ စာရင်းအတိုင်းလည်း မှတ်ပုံတင်၊ အိမ်ထောင်စုဇယား အကုန်လုပ်ပေးထားတယ်။ လိုင်ဇာဘက် ၊ လွယ်ဂျယ်ဘက်တွေမှာတော့ စာရင်းဝင်ကောက်လို့ မရနိုင်လို့ လဝက လုပ်ငန်းတွေ နိုင်ငံသားစိစစ်ရေးကတ်ပြားတွေ လုပ်လို့မရတာရှိတယ် \" လို့ ပြောပါတယ်။\r\n\r\nကချင်ပြည်နယ်မှာ မြစ်ပြီးနား ၊ ပူတာအို ၊ ဗန်းမော် ၊ မိုးညှင်း ဆိုပြီး ခရိုင် လေးခုရှိရာမှာ မိုးညှင်းခရိုင်ကိုပဲ ရာနှုန်းပြည့် မဲစာရင်းကောက်ယူနိုင်တာဖြစ်ပြီး လက်ရှိကောက်ယူထားတဲ့ မဲဆန္ဒရှင်စာရင်းအရ လူဦးရေ ၁၅ သိန်းကျော်ရှိတဲ့အထဲက မဲဆန္ဒရှင် ၁၀ သိန်းကျော်ရှိတယ်လို့ သိရပါတယ်။\r\n\r\n#VOM #voiceofmyanmar #ကချင် #မဲစာရင်း', NULL, '2019-12-21 03:49:05.000000', '2019-12-21 03:49:05.000000'),
(47, '1', 'လေ့လာစောင့်ကြည့်သူများ လွတ်လပ်စွာလေ့လာနိုင်ရန် တပ်မဲရုံစုစုပေါင်း ၉၆ ရုံကို တပ်ပြင်ပသို့ ထုတ်သွားမည်', '1577960630jknkjn.jpg', 'no', 'jknkjn.jpg', 'https://news-eleven.com/article/152155?fbclid=IwAR1Z4XFk0JQQLSnKo5JoeJuVHIXrE6pVzLijKSqaQboEKrUZK96jbBnnIZI', NULL, NULL, '2020-01-02 03:53:51.000000', '2020-01-02 03:53:51.000000'),
(48, '1', 'ထရန့်ထောက်ခံသူများ လွှတ်တော်ထဲဝင်ရောက်စီးနင်း', '1610892973YwayMal (4).png', 'no', 'image/png', 'https://www.facebook.com/permalink.php?story_fbid=462101175178867&id=120744162647905&notif_id=1609993041844268&notif_t=page_share&ref=notif', 'ဒေါ်နယ်ထရန့်ကို လိုလားသောသူများက လွှတ်တော်အတွင်းသို့ လူအုပ်ဖြင့် ဝင်ရောက်စီးနင်းခဲ့ပါတယ်။ အဆိုပါလူအုပ်ကြီးသည် ဆန္ဒပြကြရာမှ အကြမ်းဖက်မှုအသွင် ပြောင်းသွားခဲ့ပြီးဘိုင်ဒင်အနိုင်ရမှုကို အတည်ပြုရန် လွှတ်တော်၌ ကိုယ်စားလှယ်မဲများ ရေတွက်မှုအကြောင်း အချေအတင် ဆွေးနွေးစဉ် ဆန္ဒပြသူများက ရဲများကို ကျော်ဖြတ်ပြီး လွှတ်တော်တွင်း ဝင်ရောက်ခဲ့ကြခြင်းဖြစ်သည်။ လွှတ်တော်အတွင်းဝင်ချိန်တွင် ပစ်ခတ်မှု့များဖြစ်ခဲ့ကြရာ အမျိုးသမီးတစ်ဦးသေဆုံးခဲ့ပါတယ်။', 'global', '2021-01-17 14:16:13.979239', '2021-01-17 14:16:13.000000'),
(49, '1', 'စာချွန်တော်ရုံးရှေ့ကို ရောက်ရန်မလို', '1610858504135486747_463497161705935_6612190701049916207_n.png', 'no', '135486747_463497161705935_6612190701049916207_n.png', 'https://www.facebook.com/YwayMal-120744162647905', 'နိုင်ငံတော်သမ္မတရုံးမှ ဦးဇော်ဌေးမှ စာချွန်တော်ကိစ္စအား အချက်(၃)ချက်ဖြင့်ပြောကြားခဲ့ပါသည်။ ပထမအချက်မှာ နိုင်ငံတော်အေးချမ်းသာယာရေးနှင့်ဖွံ့ဖြိုးရေးကောင်စီဥက္ကဌ ဗိုလ်ချုပ်မှုးကြီးသန်းရွှေမှ ၂၀၁၀ပြည့်နှစ် အောက်တိုဘာလ ၂၁ရက်နေ့မှာ လက်မှတ်ရေးထိုးထုတ်ပြန်ခဲ့တဲ့ ပြည်ထောင်စုအစိုးရဖွဲ့ဥပဒေ ပုဒ်မ(၆) ပုဒ်မခွဲ (က) ပါအချက်များ၊ပုဒ်မ(၇) ပုဒ်မခွဲ (ခ)ပါ အချက်များဖြင့်ပြောကြားခဲ့ပါတယ်။\r\nဒုတိယအချက်အနေဖြင့် ဦးတင်အေးရွေးကောက်ပွဲကော်မရှင်ဥက္ကဌ တာဝန်ယူဆောင်ရွက်ခဲ့တာနှင့် ဦးလှသိန်းကော်မရှင်ဥက္ကဌတာဝန်ယူဆောင်ရွက်ခဲ့သော ပြည်ထောင်စုရွေးကောက်ပွဲကော်မရှင်နှစ်ခုရဲ့ထုတ်ပြန်ကြေငြာချက်များကိုနိူင်းယှဉ်ပြောကြားသွားခဲ့ပါတယ်။ ၂၀၁၅ခုနှစ် ဇူလှိုင်လ(၈)ရက်နေ့မှာထုတ်ပြန်ခဲ့သည့် ဦးတင်အေးကော်မရှင်ကြေငြာချက်အမှတ် ၃၁/၂၀၁၅ နှင့် ၂၀၂၀ပြည့်နှစ် ဇူလှိုင်(၁)ရက်နေ့မှာထုတ်ပြန်ကြေငြာခဲ့တဲ့ ဦးလှသိန်းကော်မရှင်ကြေငြာချက်အမှတ် ၁၁၇/၂၀၂၀ ပါအချက်များဖြင့်ပြောကြားရာတွင် ထုတ်ပြန်ချက်နှစ်ခုမှာ ကွာခြားခြင်းမရှိဟူ၍လည်း ထောက်ပြပြောဆိုခဲ့ပါတယ်။\r\nတတိယအချက်အနေဖြင့် နိုင်ငံတော်အတိုင်ပင်ခံ၊နိုင်ငံတော်သမ္မတ၊ ကာကွယ်ရေးဦးစီးချုပ်၊ခုံရုံးဥက္ကဌ လေးဦးအား အာဏာပိုင်ပေးစာချွန်တော်အမိန့် ထုတ်ဆင့်ပေးဖို့ ပြည်ထောင်စုတရားလွှတ်တော်ချုပ်ကို ဦးဇော်ဝိတ်ကလျှောက်ထားလာသည့်ကိစ္စအား ပြောကြားရာတွင် လျှောက်ထားခံရသူ လေးဦးသည် စာချွန်တော်ရုံးရှေ့ကို ရောက်ရန်မလိုဟု ပြောကြားခဲ့ပါတယ်။\r\nYwayMal\r\nwww.ywaymal.com', 'local', '2021-01-17 04:43:48.470876', '2021-01-17 04:43:48.000000'),
(50, '1', 'ဒေါက်တာနန္ဒာလှမြင့်မှ သမ္မတရုံးဦးဇော်ဌေးအား \"ကိုယ့်အလုပ်ကိုယ်မလုပ်\" ဟုပြောကြား', '1610858949137574914_464315984957386_1854526471616361537_n.png', 'no', '137574914_464315984957386_1854526471616361537_n.png', 'https://www.facebook.com/120744162647905/photos/a.124288352293486/464315981624053/', '၂၀၂၁ခုနှစ် ဇန်နဝါရီလ (၁၀)ရက်နေ့ နေပြည်တော်ပြည်ခိုင်ဖြိုးရုံးသတင်းစာရှင်းလင်းပွဲတွင် ဒေါက်တာနန္ဒာလှမြင့်မှ Political Suicide လုပ်တယ် ကိုယ့်နိုင်ငံရေးကြိုးကွင်း ကိုယ့်ဟာကိုပြန်စွပ်နေတဲ့ဆိုတဲ့ ပုဂ္ဂိုလ်ဝေဖန်ထိုးနှက်မှု့များသည် ကိုဇော်ဌေးအနေဖြင့်ပြောရမည့်ကိစ္စမဟုတ်ပါဘူး။ သူ့အလုပ်လည်းမဟုတ်ပါဘူး တရားရုံးမှ တရားသူကြီးက ဆုံးဖြတ်ခြင်းမပြုခင် အမိန့်တစ်စုံတစ်ရာ ဥပဒေနှင့်ညီမညီဆုံးဖြတ်ခြင်းမပြုခင်မှာ ဥပဒေနှင့်ညီပါတယ်လို့လည်း ဝင်ရောက်ပြောဆိုစရာ အကြောင်းတရားမရှိဘူး ဒါဟာတရားရုံးချုပ်ရဲ့အလုပ်ဖြစ်ပါတယ် ဒါတွေကိုလည်း စည်းလွတ်ဘောင်လွတ် စည်းကျော်ဘောင်ကျော် ပြောတာကိုတွေ့ရကြောင်း ၎င်းကပြောဆိုခဲ့ပါသည်။ ဒေါက်တာနန္ဒာလှမြင့်၏ပြောဆိုချက်များတွင် Assassination of Justice, Judicial Independence, Rule of Law နဲ့ Democracy, Expression of Freedom စသည့်စကားလုံးများအားသုံးနူန်းသွားပြီး ဒီမိုကရေစီရဲ့ယဉ်ကျေးမှု့တစ်ခုဖြစ်တဲ့ အနှစ်သာရဖြစ်တဲ့ လွတ်လပ်စွာပြောဆိုဝေဖန်ခွင့် လူတစ်ဦးချင်းဆီသော်လည်းကောင်း အဖွဲ့အစည်းအလိုက်သော်လည်းကောင်း သူတို့ရဲ့လွတ်လပ်စွာပြောဆိုခွင့်ကို ကန့်သတ်ပိတ်ပင်ရာရောက်ကြောင်း ယခုလိုပြောဆိုဝေဖန်နေခြင်းသည် ကျင့်ဝတ်သိက္ခာ unethical, unprofessional ဖြစ်ကြောင်း ကိုယ်ပြောဆိုမည့်ဘာသာရပ်ဆိုင်ရာကို ကျွမ်းကျွမ်းကျင်ကျင်ပြောဆိုနိုင်ခြင်းမရှိဘဲ ဝေဖန်သုံးသပ်နေကြောင်း စသည်တို့ကိုပြောကြားခဲ့ပါတယ်။', NULL, '2021-01-17 04:49:09.333651', '2021-01-17 04:49:09.333651'),
(51, '1', 'အမေရိကန်သမ္မတသစ် ကျမ်းကျိန်သစ္စာဆိုပွဲ စစ်အင်အား 10000ခန့်အသုံးပြု', '1610892711YwayMal (3).png', 'no', 'image/png', 'https://www.facebook.com/YwayMal-120744162647905/photos/pcb.466957588026559/466957481359903/', 'အမေရိကန်သမ္မတသစ် ကျမ်းကျိန်သစ္စာဆိုပွဲ စစ်အင်အား 10000ခန့်အသုံးပြု\r\nအမေရိကန်နိုင်ငံ ဝါရှင်တန်ဒီစီတွင် သမ္မတသစ် Joe Bidenရဲ့ ကျမ်းကျိန်သစ္စာဆို အခမ်းအနားဖွင့်လှစ်ပွဲတွင် လုံခြုံရေးဆိုင်ရာ ကာကွယ်ပေးရန် စစ်သား 10000ခန့်ရောက်ရှိမည်ဟု US အရာရှိနှစ်ဦးက အဂ်ါနေ့က ပြောကြားခဲ့ပါတယ်။\r\nမခန့်မှန်းနိုင်တဲ့ အခြေနေတွေကြောင့် စစ်သားဦးရေ အတိအကျ မပြောနိုင်သေးပေမယ့် အမေရိကန် ကွန်ဂရက် (အောက်)လွှတ်တော်အဆောက်အအုံကို ကာကွယ်ရန်အတွက် ထိုစစ်သားများတွင် လက်နက်များကိုင်ဆောင်လာနိုင်ဖွယ်ရှိတယ်လို့ သိရပါတယ်။\r\nအဆိုပါစစ်သားတွေဟာ ခုခံကာကွယ်ရေးကိုအဓိကထား ဦးတည်စေခြင်း မဟုတ်ဘဲ၊ တရားဥပဒေစိုးမိုးရေးကို ပံ့ပိုးပေးနိုင်စေရန် ရည်ရွယ်သင့်ကြောင်း၊ သို့သော် ပြီးခဲ့တဲ့ ဆူပူအကြမ်းဖက်မှုကိုထောက်ရှု၍ စစ်သားများအနေနဲ့ သူတို့ကိုယ်သူတို့ ကာကွယ်နိုင်ရန်သာ လက်နက်များ အသုံးပြုရခြင်းသာဖြစ်သင့်ကြောင်း အရာရှိတစ်ဦးက ပြောဆိုခဲ့ပါတယ်။\r\nထိုအဆိုကို စစ်တပ်ဘက်ကတော့ ချက်ချင်းတုန့်ပြန်ပြောကြားခဲ့ခြင်း မရှိပါဘူး။\r\nပြီးခဲ့တဲ့ ဗုဒ္ဓဟူးနေ့က သမ္မတဟောင်း Donald Trumpကို ထောက်ခံအားပေးသူများဟာ Joe Bidenအနိုင်ရရှိကြောင်း အတည်ပြုထုတ်ပြန်ကြေညာရေး ညီလာခံတွင်းသို့ စီးနင်းဝင်ရောက်ခဲ့သည့်အတွက် သေဆုံးသူ ငါးယောက်အထိ ရှိခဲ့ပါတယ်။\r\nဝါရှင်တန်ဒီစီရှိ ကျမ်းကျိန်ပွဲအခမ်းအနားသို့ နိုင်ငံတော်စောင့်ရှောက်ရေး စစ်သားပေါင်း 15000အထိ စေလွှတ်နိုင်ကြောင်ူ တရားဝင်ခွင့်ပြုထားပြီး၊ ကမ္ဘာလှည့်ခရီးသွားများအနေနဲ့  Washington Monumentသို့ January 24ရက်အထိ ဝင်ရောက်လေ့လာနိငြ်မှာ မဟုတ်ဘူးလို့လည်း သိရှိရပါတယ်။\r\nလုံခြုံရေး၊ အထောက်အပံပို့ဆောင်ရေးနဲ့ ဆက်သွယ်ပြောဆိုရေးအကူအညီများ ပံပိုးပေးနိုင်ရန် စစ်သားပေါင်း 10000ခန့်ကို တနဂ်နွေနေ့မှာ စေလွှတ်လိမ့်မယ်လို့လည်း သိရပါတယ်။\r\nCapitol Hillရုန်းရင်းဆန်ခတ်မှုဖြစ်ပွားပြီးနောက် သမ္မတကျမ်းကျိန်သစ္စာဆိုအခမ်းအနညးအတွက် တရားဥပဒေစိုးမိုးရေးအေဂျင်စီများကလည်း ဘတ်ဂျက်များပိုမိုအသုံးပြုလာကြပါတယ်။\r\nအခမ်းအနားကော်မတီအနေနဲ့ လုံခြုံရေးကို ပခုံးပြောင်းတာဝန်ယူထားခြင်းမရှိပေမယ့် ဝန်ထမ်းများ၊ ကန်ထရိုက်များ၊ အခြားသော ပစ္စည်းကိရိယာများ၊ နောက်ဆက်တွဲ လုံခြုံရေးဝန်ထမ်းများ လိုအပ်လာနိုင်သဖြင့် ရံပုံငွေရရှိရေးကြိုးပမ်းဆောင်ရွက်မှုများကိုလည်း ခပ်စိတ်စိတ်တွေ့လာရပါတယ်။\r\n\r\nရေးသားသူ - Denny\r\n\r\nPhoto: Aljazeera', 'local', '2021-01-17 14:11:51.195554', '2021-01-17 14:11:51.000000'),
(52, '1', 'ယူဂန်ဒါနိုင်ငံ အထွေထွေရွေးကောက်ပွဲ မဲရလဒ်များ ရေတွက်', '1610892565YwayMal (2).png', 'no', 'image/png', 'https://www.facebook.com/120744162647905/photos/a.186614719394182/469005587821759/', 'ယူဂန်ဒါနိုင်ငံတွင် အင်တာနက်ပိတ်ဆို့မှုများ၊ လုံခြုံရေးတင်းကြပ်စွာချထားပြီး အထွေထွေရွေးကောက်ပွဲ မဲရလဒ်များကို ရေတွက်ခဲ့ပါတယ်။ ဦးဆောင်အတိုက်အခံစိန်ခေါ်သူ လူငယ်ခေါင်းဆောင် Bobi Wine ဟာ သမ္မတသက်တမ်း (35)နှစ်ကြာ လက်ရှိသမ္မတ Museveniကို ရာထူးမှနှုတ်ထွက်စေလိုတဲ့သဘောမှာ ရှိပါတယ်။\r\n\r\nရွေးကောက်ပွဲကော်မရှင်ရဲ့ပြောကြားချက်အရ မဲရလဒ်အနိုင်အရှုံးကို တနင်္ဂနွေနေ့မှာ အတိအလင်း ကြေညာမှာ ဖြစ်တယ်လို့ သိရပါတယ်။\r\n\r\nရွေးကောက်ပွဲဆိုင်ရာ စောင့်ကြည့်စစ်ဆေးသူများဟာ ရွေးကောက်ပွဲ ဖြစ်စဥ်အစအဆုံးကို တရားဝင် စုံစမ်းစစ်ဆေးရန် ငြင်းဆိုခဲ့တယ်လို့ EU, US, Uganda ပြည်ထဲရေးအဖွဲ့အစည်းအချို့က ပြောဆိုထားကြပါတယ်။\r\n\r\nရွေးကောက်ပွဲရလဒ်ထွက်ပေါ်လာသည့်အခါ ဆူပူအုံကြွမှာများ ထပ်မံဖြစ်လာမှာကို ယူဂန်ဒါပြည်သူများ အထူးစိုးရိမ်နေကြပါတယ်။\r\n\r\nမဲဆန္ဒရှင်ပြည်သူများဟာ နိုင်ငံရဲ့ အခြေခံလိုအပ်ချက်တွေဖြစ်တဲ့ အလုပ်အကိုင်အခွင့်အလမ်းများ၊ ပြည်တွင်းလုပ်ငန်းငယ်များအတွက် အခွန်လျှော့ချမှုများ၊ အနာဂတ် ကလေးငယ်များအတွက် ကောင်းမွန်တဲ့ ပညာရေး စတဲ့ ထောက်ပံ့မှုတွေပေးနိုင်မယ့် ခေါင်းဆောင်မှုကို လိုလားနေကြပါတယ်။\r\n\r\nအဆိုပါ အခြေခံလိုအပ်ချက်များကို ရွေးကောက်ပွဲ စည်းရုံးရေးပွဲများတွင် ထဲ့သွင်း ဆွေးနွေးပေးခဲ့ခြင်းမရှိသည့်အတွက် မဲဆန္ဒရှင်အချို့ဟာ မကျေမနပ်ဖြစ်နေကြပါတယ်။\r\n\r\nရေးသားသူ - Denny / Photo: Aljazeera', 'local', '2021-01-17 14:09:25.712097', '2021-01-17 14:09:25.000000'),
(53, '1', 'Meeting Between Myanmar Govt, Military Fails to Resolve Crisis Over Election', '1611930637YwayMal (8).png', 'no', 'YwayMal (8).png', 'https://www.irrawaddy.com/news/burma/meeting-myanmar-govt-military-fails-resolve-crisis-election.html?fbclid=IwAR1XQb3uKwp1i5lceW9t9TfTMXUnYbn6nXt06XKHrqSwtwzdWH-hrV4hkNw', 'By THE IRRAWADDY 29 January 2021\r\n\r\nNAYPYITAW—A meeting between representatives of the government and the Myanmar military (or Tatmadaw) held in Naypyitaw on Thursday in an effort to overcome the current political crisis ended without a breakthrough.\r\n\r\nSources with knowledge of the meeting told The Irrawaddy that the Tatamdaw expressed its distrust in Myanmar’s election body, the Union Election Commission, and asked the government to abolish it. It also asked the government to recount all votes in the Nov. 8 general election with the military’s assistance and to postpone the incoming Parliament, which is scheduled to convene on Monday. The two sides were unable to reach any agreement, however, as State Counselor Daw Aung San Suu Kyi reportedly rejected all of the demands.\r\n\r\nThe government sent two aides of the State Counselor to the meeting, while the Tatmadaw was represented by senior military officers.\r\n\r\nThe meeting came as political tensions between the ruling National League for Democracy (NLD) and the military reached alarming levels this week as the armed forces refused to rule out a military coup if its demand for an investigation into alleged electoral fraud was not met.\r\n\r\nFollowing the NLD’s landslide electoral victory, the military launched a probe into the voting process after its proxy, the main opposition Union Solidarity and Development Party (USDP), blamed its heavy defeat at the polls on voter fraud. The military and the USDP have since complained that their calls for an investigation into the election and the UEC have fallen on deaf ears.\r\n\r\nHundreds of police have been deployed to the administrative capital, Naypyitaw, and security has been beefed up at the Naypyitaw City Development Committee Guesthouse, where lawmakers elected to the incoming Parliament are lodging.\r\n\r\nMeanwhile, the public has been alarmed by photos of the Tatmadaw’s armored vehicles driving along the streets of Yangon and other regions on Tuesday, which have gone viral on social media.\r\n\r\nIn a videoconference with cadets at the National Defense College on Wednesday, Commander-in-Chief of Defense Services Senior General Min Aung Hlaing said: “The Constitution is the mother law for all laws. So, I’d like to note we all need to abide by the Constitution. If one does not follow the laws, such laws must be revoked. I mean if it is the Constitution, it is necessary to revoke the Constitution. If one does not follow the law, the Constitution must be revoked.”\r\n\r\nHis remarks have raised public concerns about a possible coup. Foreign diplomats have also expressed their concerns about the escalating political tension in Myanmar.', 'local', '2021-01-29 14:32:28.602436', '2021-01-29 14:32:28.000000'),
(54, '1', '၂၀၂၁ ခုနှစ် ဇန်နဝါရီလ ၂၉ရက်နေ့ တစ်ရက်တာ ထုတ်ပြန်ချက်များ', '1612016297YwayMal (9).png', 'no', 'YwayMal (9).png', 'https://www.facebook.com/YwayMal-120744162647905/photos/pcb.477434383645546/477428743646110/', '၂၀၂၁ ခုနှစ် ဇန်နဝါရီလ ၂၉ရက်နေ့ တစ်ရက်တည်းတွင် လက်ရှိ မြန်မာ့နိုင်ငံရေးအခြေအနေအပေါ် မြန်မာနိုင်ငံအခြေစိုက် သံရုံး အစုအဖွဲ့များ၊ ပြည်တွင်းရွေးကောက်ပွဲ လေ့လာစောင့်ကြည့်ရေးအဖွဲ့များ နှင့် နိုင်ငံတော် သံဃမဟာနာယကအဖွဲ့ စသည်တို့၏ သဘောထားအသီးသီး ထုတ်ပြန်ကြေငြာချက်ခဲ့ကြပါသည်။\r\n\r\nဇန်နဝါရီလ ၂၇ ရက်နေ့ တပ်မတော်သတင်းအမှန်ပြန်ကြားရေးမှ အာဏာမသိမ်းဘူးလို့ မှတ်ယူ၍မရကြောင်းပြောကြားခဲ့ပြီးနောက် ဇန်နဝါရီလ ၂၈ ရက်နေ့တွင် ကာကွယ်ရေးဦးစီးချုပ်မှ ဥပဒေကိုလေးစားလိုက်နာမှု့မရှိလျှင် ဖွဲ့စည်းပုံအခြေခံကိုဖျက်သိမ်းလို့ရကြောင်း ပြောကြားခဲ့ပါသည်။ https://www.facebook.com/YwayMal-120744162647905/photos/pcb.477434383645546/477428743646110/', 'local', '2021-01-30 14:20:04.974245', '2021-01-30 14:20:04.000000'),
(55, '1', 'ဆန္ဒပြသူအင်အား ပိုမိုများပြားလာ၊ သံဃာတော်များပါ ပါဝင်ခဲ့', '1612016732YwayMal (10).png', 'no', 'YwayMal (10).png', 'https://www.facebook.com/YwayMal-120744162647905/photos/pcb.477479613641023/477479516974366', 'ယမန်နေ့ကထက် ပိုမိုများပြားသော လူအုပ်ကြီးသည် ယနေ့နေ့လည် ဇန်နဝါရီလ ၃၀ရက်နေ့တွင်လည်း နတ်မောက်လမ်း ဗိုလ်ချုပ်ကြေးရုပ်မှစတင်ကာ ရွှေတိဂုံဘုရား အရှေ့ဘက်မုခ်အထိ ထပ်မံ ဆန္ဒပြခဲ့ပါသည်။ မြန်မာပြည်တွင်းရေးကို ဝင်ရောက်စွက်ဖက်သော အမေရိကန်-ပြည်ပနိုင်ငံများနှင့် UECတို့ကို ဆန့်ကျင်ရှုတ်ချပွဲတွင် အရပ်ဖက်လူထုအပြင် သံဃာတော်များပါ ပါဝင်ခဲ့ပါသည်။\r\nမြန်မာနိုင်ငံအခြေစိုက်သံရုံးများအပါအဝင် ရွေးကောက်ပွဲလေ့လာစောင့်ကြည့်ရေးအဖွဲ့များ၊ နိုင်ငံတော် မဟာ သံဃနာယကအဖွဲ့မှ နိုင်ငံရေးအခြေအနေများကို ငြိမ်းချမ်းစွာ ဖြေရှင်းသင့်ကြောင်း သဘောထားများ ထုတ်ပြန်ကြေညာထားသော်လည်း ဆန္ဒပြမှုများ ဆက်လက်ဖြစ်ပွားနေပါသည်။', NULL, '2021-01-30 14:25:32.766638', '2021-01-30 14:25:32.766638'),
(56, '1', 'တပ်မတော်ထောက်ခံပွဲနှင့် UECကို ကန့်ကွက်ကြောင်း ဆန္ဒပြပွဲ တတိယနေ့မြင်ကွင်း', '1612097554YwayMal (11).png', 'no', 'YwayMal (11).png', 'https://www.facebook.com/messenger_media/?thread_id=100003633162524&attachment_id=749931582295062&message_id=mid.%24cAAAAD06MnTB9icJWBV3WH0BRlwI0', 'ဇန်နဝါရီလ 29ရက်နေ့မှ စတင်ခဲ့သော ပြည်သူ့ဆန္ဒထုတ်ဖော်ပွဲကို တတိယအကြိမ်အဖြစ် ဇန်နဝါရီလ 31ရက်၊ ယနေ့နေ့လည်က ရန်ကုန်မြို့ တိရစ္ဆာန်ဥယျာဥ်ရှေ့မှ ရွှေတိဂုံဘုရားအထိ ချီတက်ဆန္ဒထုတ်ဖော်ခဲ့ပါတယ်။\r\nပြည်ထောင်စုလွှတ်တော်အတွင်း တရားဥပဒေစိုးမိုးရေး၊\r\nတပ်မတော်အား ဝန်းရံပေးထောက်ခံရေး ၊\r\nတရားမျှတမှု့ မရှိသော ရွေးကောင်ပွဲရလဒ်များ အလိုမရှိ၊\r\nမီဒီယာများ အမှန်တရားဖော်ထုတ်ပေးရေး၊\r\nတရားရေးကဏ္ဍ အမှန်တရားဖော်ထုတ်ပေးရေး စသည့် ပိုစတာများ ကိုင်ဆောင်ထားကြပြီး လမ်းတစ်လျှောက်တွင်လည်း လူရာပေါင်းများစွာ၏ ကြွေးကြော်သံများဖြင့် ချီတက်လာခဲ့ကြပါတယ်။\r\nဆန္ဒထုတ်ဖော်ပွဲတွင် သံဃာတော်များစွာလည်း ပါဝင်ခဲ့ပါတယ်။', NULL, '2021-01-31 12:52:34.249580', '2021-01-31 12:52:34.249580');

-- --------------------------------------------------------

--
-- Table structure for table `oauth_access_tokens`
--

CREATE TABLE `oauth_access_tokens` (
  `id` varchar(100) COLLATE utf8mb4_unicode_ci NOT NULL,
  `user_id` bigint(20) DEFAULT NULL,
  `client_id` int(10) UNSIGNED NOT NULL,
  `name` varchar(191) COLLATE utf8mb4_unicode_ci DEFAULT NULL,
  `scopes` text COLLATE utf8mb4_unicode_ci,
  `revoked` tinyint(1) NOT NULL,
  `created_at` timestamp NULL DEFAULT NULL,
  `updated_at` timestamp NULL DEFAULT NULL,
  `expires_at` datetime DEFAULT NULL
) ENGINE=InnoDB DEFAULT CHARSET=utf8mb4 COLLATE=utf8mb4_unicode_ci;

--
-- Dumping data for table `oauth_access_tokens`
--

INSERT INTO `oauth_access_tokens` (`id`, `user_id`, `client_id`, `name`, `scopes`, `revoked`, `created_at`, `updated_at`, `expires_at`) VALUES
('01ee6a6f05b6ec1ebfdaf02f940c2c791da0a0360047b00b1f3b7fa82966828faceb07f3cddfd86b', 117, 1, 'server_access_token', '[]', 0, '2019-10-06 12:24:50', '2019-10-06 12:24:50', '2020-10-06 18:54:50'),
('026a7a146d61106bb3e8b6536840fc75c56e6b89f28087aa00f4b36e59b6f71ef27d41e4db68acfb', 108, 1, 'server_access_token', '[]', 0, '2019-11-27 01:47:59', '2019-11-27 01:47:59', '2020-11-27 08:17:59'),
('031a1665b0083fcb9de014439e01ba088190eb93c8eddeac362a81b0bc1345c58fe518ed2f8b8aa4', 106, 1, 'server_access_token', '[]', 0, '2019-09-18 08:41:29', '2019-09-18 08:41:29', '2020-09-18 15:11:29'),
('03a99889711242cdda280da74f4c56c9c4dce38d3ac2f6c3daa1fcd3428a369a6128426bb228e7eb', 106, 1, 'server_access_token', '[]', 0, '2019-10-31 04:02:31', '2019-10-31 04:02:31', '2020-10-31 10:32:31'),
('044288beb74801d679ec7de78f95034f0969246d3016814972d507b496b8a178ee85f809e5d6925d', 106, 1, 'server_access_token', '[]', 0, '2019-09-22 21:23:32', '2019-09-22 21:23:32', '2020-09-23 03:53:32'),
('04a7e1b41f147f22d1e0597627d23f734de93278a620dea4e8efb0eb50a3cdde5b93d2be11509896', 117, 1, 'server_access_token', '[]', 0, '2019-09-18 21:15:30', '2019-09-18 21:15:30', '2020-09-19 03:45:30'),
('0561ab63b7bb68c4b654265ff2f2d64b4ba2c117360acc47a1cf687526868b1f07827ea9f4d05977', 123, 1, 'server_access_token', '[]', 0, '2019-10-25 08:23:10', '2019-10-25 08:23:10', '2020-10-25 14:53:10'),
('064118af909d0b929d0e52dca47a45a3778ac3ca3dfd716807dc24127bb6059b13bedb33d933168a', 130, 1, 'server_access_token', '[]', 0, '2019-11-25 02:51:25', '2019-11-25 02:51:25', '2020-11-25 09:21:25'),
('064ebc811c265dfcde4358a9434fe2f9ce947390caabc5f3827ac04f4bb50b37918bc5069d160736', 106, 1, 'server_access_token', '[]', 0, '2019-11-07 06:20:39', '2019-11-07 06:20:39', '2020-11-07 12:50:39'),
('07c8abe7aa4a265f0c8e2bd655b92f14ec15b171ec092037c7a84e32a2481682befcef797c340bfe', 106, 1, 'server_access_token', '[]', 0, '2019-11-18 04:56:03', '2019-11-18 04:56:03', '2020-11-18 11:26:03'),
('081de23763f52750aa6fd71ee7d9fe7143c478e9942df5c31c930b3f44991fe48cbcd46919a84680', 106, 1, 'server_access_token', '[]', 0, '2019-09-18 03:24:07', '2019-09-18 03:24:07', '2020-09-18 09:54:07'),
('08d8b1f0e0298a17c1c2045b2431731a3430ac4cabbf531f378398660802a29665929423bb6577cc', 122, 1, 'server_access_token', '[]', 0, '2019-10-14 14:24:19', '2019-10-14 14:24:19', '2020-10-14 20:54:19'),
('0a09955439b6c522a078c725ea7cb0004d43ddd8899b6a1f1a31e70c1197ac431c12588c299e4754', 106, 1, 'server_access_token', '[]', 0, '2019-10-16 04:59:55', '2019-10-16 04:59:55', '2020-10-16 11:29:55'),
('0a16fedab2c77152f11e7a08e77ee4e5c18246ddd5387c19dc250587d7e59aefe31b4fa59f4afd22', 135, 1, 'server_access_token', '[]', 0, '2020-01-19 01:18:57', '2020-01-19 01:18:57', '2021-01-19 07:48:57'),
('0bce62772a6a28817a5514f8f1d4738654e1b20ae75cbf4de1c9e9ec79be11d29eb374b27d21d1cc', 117, 1, 'server_access_token', '[]', 0, '2019-11-10 04:22:46', '2019-11-10 04:22:46', '2020-11-10 10:52:46'),
('0c89717b7db5b85b0a84ec7bac1b97fdd5a597d99c32d6044c2011dbfe73a0d96a1fbebb6fdfe74a', 106, 1, 'server_access_token', '[]', 0, '2019-11-19 04:52:24', '2019-11-19 04:52:24', '2020-11-19 11:22:24'),
('0d197cc67064450c486e4d711df9ab98bf8c7df2d1c4b75bdaad1060fd7035434c5236b7f97b29fc', 117, 1, 'server_access_token', '[]', 0, '2019-11-27 02:12:15', '2019-11-27 02:12:15', '2020-11-27 08:42:15'),
('0d4f5de4dca96fdf05beca6a6bdab4c8233b46523b3951d88f6ad8892070eb113ba94e449a50664d', 106, 1, 'server_access_token', '[]', 0, '2019-10-05 21:18:41', '2019-10-05 21:18:41', '2020-10-06 03:48:41'),
('0ec51851f7769e95802c1923d5cf0f09f3089a6fb412f52683b0992be10791d2d4cff29c0e28bb10', 134, 1, 'server_access_token', '[]', 0, '2019-11-28 03:02:16', '2019-11-28 03:02:16', '2020-11-28 09:32:16'),
('0edb1dcfa0491f3e5a76966198fc6564410d36aa38ceb2c0db747d00b259481772a3e8d68a5e8c8c', 106, 1, 'server_access_token', '[]', 0, '2019-10-29 00:40:32', '2019-10-29 00:40:32', '2020-10-29 07:10:32'),
('0fc525379911873400a47da68bc2db8844d92bf15df13908e8b3c2344994d2b62659031bb09d396e', 114, 1, 'server_access_token', '[]', 0, '2019-09-04 03:07:35', '2019-09-04 03:07:35', '2020-09-04 09:37:35'),
('118431d07dfb6e4d9a24000f63968a3049ca24d5c03011a965250c8b5f32549f35b2870de8f68a15', 117, 1, 'server_access_token', '[]', 0, '2019-09-06 05:29:12', '2019-09-06 05:29:12', '2020-09-06 11:59:12'),
('118e38f0a2470240fac918562e9379e9e532a2626cde4136894a596c6091e5ca16a3687f6afbbb90', 117, 1, 'server_access_token', '[]', 0, '2019-10-04 23:40:39', '2019-10-04 23:40:39', '2020-10-05 06:10:39'),
('11b73c07cf31689eebe04d56233d5f634cd3a1e93003dd8eab63a9ff7e9ef24eccecf5fca2a3eb6c', 107, 1, 'server_access_token', '[]', 0, '2019-11-12 21:52:06', '2019-11-12 21:52:06', '2020-11-13 04:22:06'),
('13513f63d09ba62b7a65724372bb909f8ded4e1af6362be4079bbe1b5c5252832b579e2636329d46', 117, 1, 'server_access_token', '[]', 0, '2019-09-19 22:48:12', '2019-09-19 22:48:12', '2020-09-20 05:18:12'),
('17162ef286f152b5ee6621ee7c2f947e4b974e41e688e366268f7134631154845b49864d704f3c34', 106, 1, 'server_access_token', '[]', 0, '2019-10-16 04:58:35', '2019-10-16 04:58:35', '2020-10-16 11:28:35'),
('17404483a8e79af94929cddd107efcbd8f9891c8d9545b54044dd873db803b2d583cf645687162e1', 106, 1, 'server_access_token', '[]', 0, '2019-09-22 21:23:32', '2019-09-22 21:23:32', '2020-09-23 03:53:32'),
('17a6e85d9accfcea998c9a6db4c4cd1141c6020d48867f29cc43f40bd8353c84bdb71e0d8eb3a4d4', 117, 1, 'server_access_token', '[]', 0, '2019-11-09 07:28:07', '2019-11-09 07:28:07', '2020-11-09 13:58:07'),
('17ae64a877a2af6c162bccfee48799e9423ad62e91b967906ffc2d5e5f9f749fad64f7259a1b4981', 53, 1, 'server_access_token', '[]', 0, '2019-08-26 03:58:44', '2019-08-26 03:58:44', '2020-08-26 10:28:44'),
('18b340385a2a4507c7b01a15af033a345a09661bcd4c17a72e3ff9594030e8eeeaddf133ed4573b9', 117, 1, 'server_access_token', '[]', 0, '2019-10-09 01:50:49', '2019-10-09 01:50:49', '2020-10-09 08:20:49'),
('1adbe22d740d47da97f13c638f505d38542061158bc6274b24d0d7ff7d6a5d8ed2868bb808a5c932', 106, 1, 'server_access_token', '[]', 0, '2019-11-27 23:02:13', '2019-11-27 23:02:13', '2020-11-28 05:32:13'),
('1c9dc38dcc56b42b502c0658ac8f44e3a7622fb34cabac8f9fc5dafb295a05656aeebbcc063b84f2', 106, 1, 'server_access_token', '[]', 0, '2019-09-29 00:43:09', '2019-09-29 00:43:09', '2020-09-29 07:13:09'),
('1da92129e57c9d9a6639bc2eafab0f8e4a6567a73221d84684d416a3d64057bf6d2b98c37f83d635', 132, 1, 'server_access_token', '[]', 0, '2019-11-25 20:38:44', '2019-11-25 20:38:44', '2020-11-26 03:08:44'),
('1f2ea0415ad3738fba7fec8301712ccb34c8ddf344eb4e17317693f6b60deb48555412b419abea08', 114, 1, 'server_access_token', '[]', 0, '2019-09-04 03:07:45', '2019-09-04 03:07:45', '2020-09-04 09:37:45'),
('1f82d96ae66d59824c171cea290b2b9f96a3388867cfc5873ad5fba57e27bf0dfb0c977dbcb3a806', 106, 1, 'server_access_token', '[]', 0, '2019-09-01 03:50:14', '2019-09-01 03:50:14', '2020-09-01 10:20:14'),
('229977cda896b727aafa26eb729f5218c426a775dcdd870e1f074da2d3dc5a056992c00e1ab853d5', 117, 1, 'server_access_token', '[]', 0, '2019-11-06 20:58:47', '2019-11-06 20:58:47', '2020-11-07 03:28:47'),
('23560ef6ab1f71a58b9acf175f50bc8834fdb5036463dcc3fc11e24c1bc8fdf230c90f0777097db0', 106, 1, 'server_access_token', '[]', 0, '2019-10-07 00:51:11', '2019-10-07 00:51:11', '2020-10-07 07:21:11'),
('23a2e7f29e251309da081def028751f593293f96133da3e759228bdb3c88a032a9a4267e9fe07abe', 117, 1, 'server_access_token', '[]', 0, '2019-10-04 10:05:42', '2019-10-04 10:05:42', '2020-10-04 16:35:42'),
('24132044f57bffc0cc270e413d5156b2c0e0acb2bd3e4859797cc6fefa3870eb308b08152e45825e', 117, 1, 'server_access_token', '[]', 0, '2019-11-27 00:04:40', '2019-11-27 00:04:40', '2020-11-27 06:34:40'),
('24bfa9391eaaf6676c1693c0656514a4bd29ae8a21af4bc94186608fd6e967c0f06326a0b01819d3', 106, 1, 'server_access_token', '[]', 0, '2019-10-01 20:32:26', '2019-10-01 20:32:26', '2020-10-02 03:02:26'),
('265c66f619d986a8da06946792986d0e786f1fbb2c739d7bba8273476af0dc61b5d681661fa24b6d', 83, 1, 'server_access_token', '[]', 0, '2019-08-27 07:03:33', '2019-08-27 07:03:33', '2020-08-27 13:33:33'),
('265e6da1bb4ec2beb34ed2a0a24e20b350b4410e8be1f0ad4c1171d616dc1f780f30831e75eab965', 70, 1, 'server_access_token', '[]', 0, '2019-08-26 23:55:18', '2019-08-26 23:55:18', '2020-08-27 06:25:18'),
('2673812bc8c3c67caf5b8ad5b2559c829c616776864d899aac586e2eba17bab3a6171662f75c3e71', 117, 1, 'server_access_token', '[]', 0, '2019-10-14 07:57:33', '2019-10-14 07:57:33', '2020-10-14 14:27:33'),
('268ed5c3472f8d295527071b6ab52c948b85d0e788e2f01c306c0723cec764628aca11d26d780a43', 121, 1, 'server_access_token', '[]', 0, '2019-10-14 10:33:51', '2019-10-14 10:33:51', '2020-10-14 17:03:51'),
('2698885286cd0656b782d0474f0cf3dc1f67af4a97c330c243cef93ef8276ffbcf5eaa88a8750279', 106, 1, 'server_access_token', '[]', 0, '2019-10-21 03:54:46', '2019-10-21 03:54:46', '2020-10-21 10:24:46'),
('269f9aa89a50cc5e1a251bdae329c190ec33bd330c19c6af25698690c9b1d9251b1d2a6fb094ae90', 117, 1, 'server_access_token', '[]', 0, '2019-10-28 09:21:20', '2019-10-28 09:21:20', '2020-10-28 15:51:20'),
('27a5e920724eaa181ab3fd87e509bedacb6b85eb34abf17faa278c58f4d3c2cd42a79f0da499087e', 106, 1, 'server_access_token', '[]', 0, '2019-09-18 08:41:29', '2019-09-18 08:41:29', '2020-09-18 15:11:29'),
('27c3f643ffd51426d65daabe09bcd20d88d7c6333d416347338a986835f9d0df6c74fef076b6ead1', 117, 1, 'server_access_token', '[]', 0, '2019-09-18 12:29:56', '2019-09-18 12:29:56', '2020-09-18 18:59:56'),
('2c9fdaae77954deb8fe9287115bae738dbf9ce4304a325883934d0744bb88d4cb7ede6a6c6f22185', 123, 1, 'server_access_token', '[]', 0, '2019-10-25 08:23:07', '2019-10-25 08:23:07', '2020-10-25 14:53:07'),
('2d40eef9e71d87e109645322ddddbc3ac6abd7023a9d1379e47d45948f2f6f6bf5aa9a4110801b45', 117, 1, 'server_access_token', '[]', 0, '2019-10-12 02:58:32', '2019-10-12 02:58:32', '2020-10-12 09:28:32'),
('2df5d9c65773cee1543cec41a8b475245c7a1618a6c5debac1147a7f74bc33bf046891c23a8959b7', 117, 1, 'server_access_token', '[]', 0, '2019-10-05 10:45:15', '2019-10-05 10:45:15', '2020-10-05 17:15:15'),
('2e030b0f40aec4d1a6ccf038c75f46f30aa92ea96f2a5179b1201081171358c43bd43c3f4936119f', 106, 1, 'server_access_token', '[]', 0, '2019-10-01 23:38:14', '2019-10-01 23:38:14', '2020-10-02 06:08:14'),
('2e5cd45cbfe841f298c58b75a6217886ab9ad8689d18db3beba80cd058e11f4b0e7927aeec22e6af', 117, 1, 'server_access_token', '[]', 0, '2019-09-18 12:41:02', '2019-09-18 12:41:02', '2020-09-18 19:11:02'),
('2ec29abc5d6540a786ab9f89e66944c23cede0467db9f25f9c068067b4deae184f52577bb4a3bc73', 117, 1, 'server_access_token', '[]', 0, '2019-10-12 03:05:16', '2019-10-12 03:05:16', '2020-10-12 09:35:16'),
('316dcd81345007410298d12ca81a7288c53783fa1bd93d9eb74c7533244f5cb9bedfbe582ab1fe79', 66, 1, 'server_access_token', '[]', 0, '2019-08-26 22:31:32', '2019-08-26 22:31:32', '2020-08-27 05:01:32'),
('33cd8b972e5940c7b4496d02d57d8c32630cf5fda5cffa5e2c45f23f711c879ad0a06bee63a551b0', 117, 1, 'server_access_token', '[]', 0, '2019-11-12 01:52:56', '2019-11-12 01:52:56', '2020-11-12 08:22:56'),
('357bdd87a35383aeeebd0cc76f4921c0a3e703877940963a0f9ebe8a4dc715ac2470245df1734711', 117, 1, 'server_access_token', '[]', 0, '2019-10-04 10:38:13', '2019-10-04 10:38:13', '2020-10-04 17:08:13'),
('3596319ea39906439325d9004710bbd53682069724b16b672fc46803ba3b7e642bcdd7fe1b783723', 106, 1, 'server_access_token', '[]', 0, '2019-09-23 20:43:38', '2019-09-23 20:43:38', '2020-09-24 03:13:38'),
('35af91b62731ca67768ab16684219bda72418bce0f4a923c5db361f0089d858d5ed5827b33e8faae', 108, 1, 'server_access_token', '[]', 0, '2019-08-30 06:22:04', '2019-08-30 06:22:04', '2020-08-30 12:52:04'),
('365ed6aa39b88e0dcbb9dbd6f31ea999de3e57205a4a7bda33c9f668f9b8e1d0a4b664d1f9018d67', 106, 1, 'server_access_token', '[]', 0, '2019-10-16 04:59:59', '2019-10-16 04:59:59', '2020-10-16 11:29:59'),
('36c03508d04cc6adc848afc6ace9affafb02575b6fd1da419b7e506b81212e25dcd58e5a97ee5713', 117, 1, 'server_access_token', '[]', 0, '2019-10-05 10:13:09', '2019-10-05 10:13:09', '2020-10-05 16:43:09'),
('36d576a297ab50af724d68f23caf84ab615bca561d56206b04fa7803d782707c456c6161dbdaf76b', 106, 1, 'server_access_token', '[]', 0, '2019-10-31 22:37:00', '2019-10-31 22:37:00', '2020-11-01 05:07:00'),
('376c5c1c6ddd6287390fd527a6b224a02e01208bf12332ef28fd67f15e3ec1a855cab853df4c86be', 106, 1, 'server_access_token', '[]', 0, '2019-10-31 22:37:00', '2019-10-31 22:37:00', '2020-11-01 05:07:00'),
('3a18c575b872053be8730b6029424cf264d36b2b95aed23770e5fe885606e7972206e408d477158a', 117, 1, 'server_access_token', '[]', 0, '2019-11-26 06:41:56', '2019-11-26 06:41:56', '2020-11-26 13:11:56'),
('3bc2354a6625a2f6aa7add47fca5e9cd8a7e89d9192992835f66f0baf729aa261a3229467249b631', 117, 1, 'server_access_token', '[]', 0, '2019-10-29 17:05:21', '2019-10-29 17:05:21', '2020-10-29 23:35:21'),
('3f4f2f24bba55f89e44b9169f4a0b8b79b9e0f4011d3d60df54d02364bfe6737b2d891c7b33d0b5e', 113, 1, 'server_access_token', '[]', 0, '2019-09-02 22:21:32', '2019-09-02 22:21:32', '2020-09-03 04:51:32'),
('3fca5556dffc5fbe54f27e5821b1976522a63af4eb8967bc8ef6dce33e10fde4ef20d122574ff231', 93, 1, 'server_access_token', '[]', 0, '2019-08-27 08:00:17', '2019-08-27 08:00:17', '2020-08-27 14:30:17'),
('408b6e60cc5b7c691d44eee96309667a3792b74319be0e2d0094961c925cb8928f0c734a6a3dcd8b', 80, 1, 'server_access_token', '[]', 0, '2019-08-27 01:55:18', '2019-08-27 01:55:18', '2020-08-27 08:25:18'),
('411e99af62b516f135e3cc7f4edadd00ae1e398e18fe09283de5c7db6238b7160f764fb797c0ee5d', 117, 1, 'server_access_token', '[]', 0, '2019-09-06 05:49:45', '2019-09-06 05:49:45', '2020-09-06 12:19:45'),
('4212c56e9317951e38d11ce5999d90e8cf2550a30e7ffaac861ba4289a1fd1f76713d46574b0076d', 117, 1, 'server_access_token', '[]', 0, '2019-11-08 16:01:11', '2019-11-08 16:01:11', '2020-11-08 22:31:11'),
('44e28b5a96fc0f39a708034dacb62e01e9a6dc21e17fa00b78e1f8d160e0dc5dbde21e2e71e74158', 117, 1, 'server_access_token', '[]', 0, '2019-09-18 21:36:50', '2019-09-18 21:36:50', '2020-09-19 04:06:50'),
('453e531da2edd23505da8face16713266536cdc478137f594c1d7e2bc2053a323c646ebbba632c5c', 117, 1, 'server_access_token', '[]', 0, '2019-09-22 11:49:33', '2019-09-22 11:49:33', '2020-09-22 18:19:33'),
('477a1d304dac69cf586f5ee7d560a7d6e92256648fc12ac2409b2a756d6824965ed0fffb8ff57c49', 117, 1, 'server_access_token', '[]', 0, '2019-10-01 05:48:12', '2019-10-01 05:48:12', '2020-10-01 12:18:12'),
('49f0d0cb57959b44bae3824734a7ca8a46c8892b9e3c5e9bab00c52226ac2fb9816fde4c87cfef12', 117, 1, 'server_access_token', '[]', 0, '2019-11-06 20:48:14', '2019-11-06 20:48:14', '2020-11-07 03:18:14'),
('4a77587af35bf79c8874b9b89bad1e31dbf18f2a18a548cfd1dfb5c36a52db609c37681eab24b170', 117, 1, 'server_access_token', '[]', 0, '2019-09-18 21:38:04', '2019-09-18 21:38:04', '2020-09-19 04:08:04'),
('4cbd32a400e1a34d1e35f01fdbfa2354907bc9ca1598ac9afc26f952a0f2983ebcebe50393cb3053', 117, 1, 'server_access_token', '[]', 0, '2019-10-14 08:04:34', '2019-10-14 08:04:34', '2020-10-14 14:34:34'),
('4d8743f617142b27f7593112a7b2e39cedc8c43a1b36dd87a27213174a036fd1e8f7511494b27ae6', 106, 1, 'server_access_token', '[]', 0, '2019-10-31 22:37:00', '2019-10-31 22:37:00', '2020-11-01 05:07:00'),
('4e9bedea7aa5106083f904b90252802cc2b25c2b1c5b2de67a49c60615f7dbbf28ee481673babc51', 65, 1, 'server_access_token', '[]', 0, '2019-08-26 22:25:45', '2019-08-26 22:25:45', '2020-08-27 04:55:45'),
('4fb558079d9e96491fd5a1fe8caf91caf44637d9248d9f1b91b9e5f1cd9b480b49bc6ba711318c14', 124, 1, 'server_access_token', '[]', 0, '2019-11-14 11:27:49', '2019-11-14 11:27:49', '2020-11-14 17:57:49'),
('508ec265d4e6d3ae334ac014a8e7a8f2b49994f14ce091e9848ef23a5c9fb96e40f7acae96118f06', 117, 1, 'server_access_token', '[]', 0, '2019-10-05 12:20:54', '2019-10-05 12:20:54', '2020-10-05 18:50:54'),
('52949ec3cad21a8753c0d0e6ba3e385b8f2ca5f04282f61a2899dd7507b074e6b2a087a4ea2ba24f', 106, 1, 'server_access_token', '[]', 0, '2019-09-22 09:18:47', '2019-09-22 09:18:47', '2020-09-22 15:48:47'),
('52ee7c75974a6aedd263347a3323f7e392aa6ef5aba40f6d2ee21914622c367ea08ffccfd6ffc850', 117, 1, 'server_access_token', '[]', 0, '2019-10-04 12:07:09', '2019-10-04 12:07:09', '2020-10-04 18:37:09'),
('52f26b9199c86abb49ebb111d424d0ac1efd1ff462de338de521199805dbba02090bbddefdaeb698', 117, 1, 'server_access_token', '[]', 0, '2019-09-18 12:28:06', '2019-09-18 12:28:06', '2020-09-18 18:58:06'),
('537546e0adcdad11f701d1c917021b607c22a3ea6388d5fc3b0aa349500461e3c5243dbefeac4dbd', 117, 1, 'server_access_token', '[]', 0, '2019-10-05 10:57:28', '2019-10-05 10:57:28', '2020-10-05 17:27:28'),
('53f66e0eb185f2c893693c0df208fe015261a2f2bff07bf25c0af765e259e9a817f196d0f0f1b52e', 123, 1, 'server_access_token', '[]', 0, '2019-10-25 08:23:08', '2019-10-25 08:23:08', '2020-10-25 14:53:08'),
('55e78d2b46bebf8940551061f445d13d1f5a1588d4e7005c0ffc40872d231472409a4408049c516b', 95, 1, 'server_access_token', '[]', 0, '2019-08-27 09:01:56', '2019-08-27 09:01:56', '2020-08-27 15:31:56'),
('578d51d6cd17b6511f3f372ad98aac17b2390baad32380408cabbfaf924366319548b4fc28b44c2b', 106, 1, 'server_access_token', '[]', 0, '2019-10-21 03:54:26', '2019-10-21 03:54:26', '2020-10-21 10:24:26'),
('599142b8aa2b5160872fd9abfc133029d98011283f7b6333b6538cf6ad59bc8b0b1dcbaca7e64cfc', 106, 1, 'server_access_token', '[]', 0, '2019-11-06 21:12:31', '2019-11-06 21:12:31', '2020-11-07 03:42:31'),
('5b8e80c47e4c96c519f9bf95757862b6cbe24f5385767b1a5bfcc966f028afa7f48a8b54bdb617ab', 117, 1, 'server_access_token', '[]', 0, '2019-10-05 12:19:43', '2019-10-05 12:19:43', '2020-10-05 18:49:43'),
('5be88f9f6940424cf513a4e69672b909aa60bd92dc2e22946d9c655b41b755cfcc64350812170d6c', 117, 1, 'server_access_token', '[]', 0, '2019-09-22 10:41:19', '2019-09-22 10:41:19', '2020-09-22 17:11:19'),
('5d77ffe4360423ccb7d39df787756f335f51deaa0bf5822fea71cad2649bbb7366a6e977bda3dd43', 106, 1, 'server_access_token', '[]', 0, '2019-09-18 03:24:14', '2019-09-18 03:24:14', '2020-09-18 09:54:14'),
('5e1d6d08992abc7125ba09d72589223e2b98eb66e4758c77ed326cf71b1dabe2559f21271434b1d0', 117, 1, 'server_access_token', '[]', 0, '2019-11-01 22:16:26', '2019-11-01 22:16:26', '2020-11-02 04:46:26'),
('6140da36ca4a06840a7b66987329db1e2e2d060efad0fe696ed98eba07f324cc5d8132b31a9b3eed', 106, 1, 'server_access_token', '[]', 0, '2019-09-18 03:24:19', '2019-09-18 03:24:19', '2020-09-18 09:54:19'),
('61ea1fff7ac72b6f71a72fbe8e0bc0007aee118d6d23da52250065a8c091e2b3c9c6dad58dcdc343', 117, 1, 'server_access_token', '[]', 0, '2019-10-12 02:56:49', '2019-10-12 02:56:49', '2020-10-12 09:26:49'),
('626a67482e36d41f607dbca0f4c78d4da8b9de22f18ed6e8dec2087e95175f582e5b46717036a1df', 91, 1, 'server_access_token', '[]', 0, '2019-08-27 07:51:38', '2019-08-27 07:51:38', '2020-08-27 14:21:38'),
('6271f7639114ee9abe90f633a4968954a455ff4490746e34cf8ca1054d44abf21b52210c7a3742b1', 22, 1, 'Token Name', '[]', 0, '2019-08-25 22:36:31', '2019-08-25 22:36:31', '2020-08-26 05:06:31'),
('63620e4f0ddf9d90e9c753b457e702ff01f937d4c2c980b41ed8e5dbb1f7a9551f70f3199c9ecf19', 117, 1, 'server_access_token', '[]', 0, '2019-11-25 17:51:35', '2019-11-25 17:51:35', '2020-11-26 00:21:35'),
('649c37a78a6ed31a4b657bc87f0c91dcec01076a69550c1b42cf581ff2025ccdc5a3a4084062456c', 16, 1, 'Token Name', '[]', 0, '2019-08-25 22:28:24', '2019-08-25 22:28:24', '2020-08-26 04:58:24'),
('65e2a425863bb7e823e577f27b14809149c47a604ca476214784cd8915bc9af371ef81c9248e5d4a', 125, 1, 'server_access_token', '[]', 0, '2019-11-24 22:45:08', '2019-11-24 22:45:08', '2020-11-25 05:15:08'),
('6783ade044554f5438b11812fe551486fd3a87c45eb700d104af95102594dbc977caa2571e48a551', 117, 1, 'server_access_token', '[]', 0, '2019-10-02 04:02:57', '2019-10-02 04:02:57', '2020-10-02 10:32:57'),
('6816878699e43b3bb8ba453e2a8c5b4c8a130d67dab04cad6c18c4544c23e096610c47b7ff0a9335', 56, 1, 'server_access_token', '[]', 0, '2019-08-26 04:03:34', '2019-08-26 04:03:34', '2020-08-26 10:33:34'),
('681a4de570188cf50005fc5d694bcb8711b43306e348143aa18d188b84d38282a7716705485f6022', 106, 1, 'server_access_token', '[]', 0, '2019-09-27 00:29:45', '2019-09-27 00:29:45', '2020-09-27 06:59:45'),
('68a7baf66527941b6e39c343225e7acc079a44c26492bc783a7216bea9ea5370e139c78999c89115', 60, 1, 'server_access_token', '[]', 0, '2019-08-26 06:21:14', '2019-08-26 06:21:14', '2020-08-26 12:51:14'),
('6a08ec163831016b36ba1d5e4357839b1c05cdd57b1fe07f6b9767f115f9231b046cf569493585bd', 117, 1, 'server_access_token', '[]', 0, '2019-10-05 10:38:17', '2019-10-05 10:38:17', '2020-10-05 17:08:17'),
('6a1960e894fb0a0de01217864e6d06988e396b6acef91643a6530a82ca322cf50bdd3557631a2d21', 106, 1, 'server_access_token', '[]', 0, '2019-10-16 20:10:06', '2019-10-16 20:10:06', '2020-10-17 02:40:06'),
('6a35cc1cacb4a7835e47fe42566de9193045af93342c4c5c5aa5a1313b7a1050e5c5f252e83797f7', 120, 1, 'server_access_token', '[]', 0, '2019-10-03 21:40:30', '2019-10-03 21:40:30', '2020-10-04 04:10:30'),
('6a41839d22ceda204249b8ca02e4e665759e40c0f770352472ba3da70e60e2096855522eeb4a554b', 117, 1, 'server_access_token', '[]', 0, '2019-09-12 23:21:07', '2019-09-12 23:21:07', '2020-09-13 05:51:07'),
('6a884d3f395007be1f653c85b36a3c073b8f01fa91378468a54d8bf074a3fedb186468caa73e1f76', 117, 1, 'server_access_token', '[]', 0, '2019-11-27 22:59:43', '2019-11-27 22:59:43', '2020-11-28 05:29:43'),
('6b10ca7e624b573787775625e569ef41eea2bd6ee1ce56f208c3ad73ff7b392ff5ae2ea06292987e', 117, 1, 'server_access_token', '[]', 0, '2019-11-18 04:58:46', '2019-11-18 04:58:46', '2020-11-18 11:28:46'),
('6bf856340eb541b1ec96d70273ca2d5c39d98a2519fcadbc5ccd28e4255fee4f2c2e5c6d7485a8fc', 117, 1, 'server_access_token', '[]', 0, '2019-09-18 12:49:06', '2019-09-18 12:49:06', '2020-09-18 19:19:06'),
('6c50a98b7e0c46c5ff2b8b39e1542211afaab08ceb2fe6d124a449ee760fcaa58864ddb301898281', 117, 1, 'server_access_token', '[]', 0, '2019-10-14 07:50:42', '2019-10-14 07:50:42', '2020-10-14 14:20:42'),
('6d06d6789cf0583ef3e420a3e0a2edcf14dc25fe0c80fdcf027625f4c3c9683e7e94fe379f09a04c', 108, 1, 'server_access_token', '[]', 0, '2019-11-14 18:09:45', '2019-11-14 18:09:45', '2020-11-15 00:39:45'),
('6e9630ff81eea317d6a3c11ac8abfeba0a8337b7d23a89e9c7737e63d502cfeeb8fe76234a4db92c', 117, 1, 'server_access_token', '[]', 0, '2019-09-12 23:39:29', '2019-09-12 23:39:29', '2020-09-13 06:09:29'),
('6eff8e9c3153bb74c89d14f0acb9ba7a2a85c18a56494367bf09195de95f469889e0be64f808f25c', 127, 1, 'server_access_token', '[]', 0, '2019-11-25 01:10:19', '2019-11-25 01:10:19', '2020-11-25 07:40:19'),
('6fda7c12a0b5b3b848dc93a7986d3060fde41fcb89f7f082ff04a097eb5a4fc56d4f0dc1aa524876', 117, 1, 'server_access_token', '[]', 0, '2019-10-04 23:42:51', '2019-10-04 23:42:51', '2020-10-05 06:12:51'),
('70f1f52d9f3a952b89ac5d6f10e8bb42d531993e684ec0a2a94095dfe5c725178bd3122120c82939', 117, 1, 'server_access_token', '[]', 0, '2019-11-12 01:48:51', '2019-11-12 01:48:51', '2020-11-12 08:18:51'),
('7235f10498d123dd088a9fc0c9f5775c3aca664b7ebab33226bc0f48f4b696f1a107052610a6689c', 117, 1, 'server_access_token', '[]', 0, '2019-09-27 08:44:35', '2019-09-27 08:44:35', '2020-09-27 15:14:35'),
('742e9a148af237be5667ecd9d90386604b69f332860348d533646c279f68a2e1912ff513ac3acae6', 117, 1, 'server_access_token', '[]', 0, '2019-11-11 00:51:30', '2019-11-11 00:51:30', '2020-11-11 07:21:30'),
('7510ec9756e4ac852e18e0c79dc93d9dc9b78e3949549ebd1e093849dd46fc6fe68fb72e84f927cb', 117, 1, 'server_access_token', '[]', 0, '2019-09-18 21:19:17', '2019-09-18 21:19:17', '2020-09-19 03:49:17'),
('75856fefd863778d756db0e2f691951aa3674cf2efae0f584b86fc6dc3bbad36b32129607eaadf06', 106, 1, 'server_access_token', '[]', 0, '2019-11-25 01:59:03', '2019-11-25 01:59:03', '2020-11-25 08:29:03'),
('7690209eda785cd5ac36c77d7b1a8f20ea4048631d3f491c3196dd88dcda9c4454c9c49c4800da7c', 117, 1, 'server_access_token', '[]', 0, '2019-11-25 17:50:59', '2019-11-25 17:50:59', '2020-11-26 00:20:59'),
('76d455e2a88c64de96a2dac12cb49933042c4afe4208eac7a0f160a8550fa7233aa43ad038e151ae', 117, 1, 'server_access_token', '[]', 0, '2019-09-21 12:11:08', '2019-09-21 12:11:08', '2020-09-21 18:41:08'),
('78fa2ff2321de4394b7a47e36721b2e29b8aeb9563d046a7afbcdc305c147827c4f579cd7912cb0e', 106, 1, 'server_access_token', '[]', 0, '2019-10-01 20:32:26', '2019-10-01 20:32:26', '2020-10-02 03:02:26'),
('794eb32487033f26a513cec0b6f758a737bb1914565dbc56adaf7e7fdfa4231916fcc9422d4e74ce', 117, 1, 'server_access_token', '[]', 0, '2019-10-29 14:59:16', '2019-10-29 14:59:16', '2020-10-29 21:29:16'),
('7a0934d4bccb58b579928a933fefcaca7e82cb0f9648496a08b258f70b758d4535549c4286727680', 117, 1, 'server_access_token', '[]', 0, '2019-09-18 12:10:10', '2019-09-18 12:10:10', '2020-09-18 18:40:10'),
('7a91e2e4b42295b5cd7975a7a8546d438ce91406c65255e3339bb62dc680f795448f360a2a92085c', 117, 1, 'server_access_token', '[]', 0, '2019-11-10 03:29:57', '2019-11-10 03:29:57', '2020-11-10 09:59:57'),
('7b898412a3907d9ab8c41150c8ff3cde646d0008fdabe78631742f471d18c407d21a2f611903bcfc', 111, 1, 'server_access_token', '[]', 0, '2019-09-02 00:27:05', '2019-09-02 00:27:05', '2020-09-02 06:57:05'),
('7c3589a994e4fae5d2ac3968375a39db8c7a3de302e91829d23b29d67643c478a521bb4c17d80bd9', 58, 1, 'server_access_token', '[]', 0, '2019-08-26 04:07:38', '2019-08-26 04:07:38', '2020-08-26 10:37:38'),
('7cc928386c010903601216bc01681156a219a89ce7ef1dafeeef9fcc27f241a5b64bfa86b6572e0b', 117, 1, 'server_access_token', '[]', 0, '2019-09-06 08:42:31', '2019-09-06 08:42:31', '2020-09-06 15:12:31'),
('7dfc8ba473c04b88faae8b77547c04c1377535629c08071e47872ed651c1f3827b25c4d3c1287af3', 118, 1, 'server_access_token', '[]', 0, '2019-09-13 01:19:46', '2019-09-13 01:19:46', '2020-09-13 07:49:46'),
('7fab016491be64fcb621b17dcfc26ebd56e4ff6f03ebf3c7ca1ee0d82036fd05cfcac6050f762d8a', 117, 1, 'server_access_token', '[]', 0, '2019-09-06 08:11:20', '2019-09-06 08:11:20', '2020-09-06 14:41:20'),
('7ffd0bf0c86a2eb93f0f044df1bfd190ac3a09db34f072b4728d964179b0bfb2e0324d24fe1d3b9e', 117, 1, 'server_access_token', '[]', 0, '2019-10-14 06:21:24', '2019-10-14 06:21:24', '2020-10-14 12:51:24'),
('8014582971e645079e92e11b397b8efd5046dfdd1a9fdeaa03b2401c5d82411263f5929b2083de98', 117, 1, 'server_access_token', '[]', 0, '2019-09-06 09:13:30', '2019-09-06 09:13:30', '2020-09-06 15:43:30'),
('810ab3186d62bf7480cf06e2ba4209c8710e6a38afcbb4edc4dff16d386e945ba6f01be8651dd00f', 106, 1, 'server_access_token', '[]', 0, '2019-10-01 20:32:26', '2019-10-01 20:32:26', '2020-10-02 03:02:26'),
('823d86b9e9803a264103b362319fd25d73728e4c57de7976b6864c84bffd25b2df767eb54ed506eb', 117, 1, 'server_access_token', '[]', 0, '2019-10-04 10:17:11', '2019-10-04 10:17:11', '2020-10-04 16:47:11'),
('82c43e0698f757b791cce403d18457fa73171f4c87b079b35815a623cff9040efe5b32cff4121d3d', 117, 1, 'server_access_token', '[]', 0, '2019-10-01 08:58:30', '2019-10-01 08:58:30', '2020-10-01 15:28:30'),
('837317b5f37f62b5b1bd9c3067e7e40625d40d3a25d5dd7e9e4cd55c33ac2b22e53bff4db2a627f8', 105, 1, 'server_access_token', '[]', 0, '2019-08-27 11:25:26', '2019-08-27 11:25:26', '2020-08-27 17:55:26'),
('8503c435d346494ca9ad7cbe878376c205609288915478c17c5c6d021dbc1d3cee2c0969f8a4a493', 117, 1, 'server_access_token', '[]', 0, '2019-09-18 21:09:26', '2019-09-18 21:09:26', '2020-09-19 03:39:26'),
('85b2628b29562964385a66f4a02c5299041733471aba89f970070549f1f18d1fc51bca548c88053d', 106, 1, 'server_access_token', '[]', 0, '2019-11-07 06:20:36', '2019-11-07 06:20:36', '2020-11-07 12:50:36'),
('87c7e2f5ba83462a0222e10acb042de4f960d029f3d674c246a8add735c831aab1cd42c36322e09c', 117, 1, 'server_access_token', '[]', 0, '2019-10-07 10:38:42', '2019-10-07 10:38:42', '2020-10-07 17:08:42'),
('881781818a64d34e2ceffce494a255b56872ba4004f9d3f557249338451d84a1a576992168d571d9', 117, 1, 'server_access_token', '[]', 0, '2019-11-08 16:11:57', '2019-11-08 16:11:57', '2020-11-08 22:41:57'),
('89e184aaa6e8c2d27410b7150072a938988b730a27b9ec7282cae475d88de1032b2b4f246666fb6a', 106, 1, 'server_access_token', '[]', 0, '2019-09-24 20:31:05', '2019-09-24 20:31:05', '2020-09-25 03:01:05'),
('8a86f45db8c45c0bfcec37f510f2ec436859f1f5c759f28a043b2063a5a2dcba91003f6fe7ea3973', 116, 1, 'server_access_token', '[]', 0, '2019-09-05 05:21:51', '2019-09-05 05:21:51', '2020-09-05 11:51:51'),
('8cff52e299a18368787a6878aa550a0f4f222161953d4951cc22c0b0d66232bd68d10721824b1689', 106, 1, 'server_access_token', '[]', 0, '2019-10-17 19:31:36', '2019-10-17 19:31:36', '2020-10-18 02:01:36'),
('8d2c71dff5b393376a89005ffe3a5258cb38d62c8a624472142d2ab0257f873e4df2e92366ec02ed', 112, 1, 'server_access_token', '[]', 0, '2019-09-02 21:21:20', '2019-09-02 21:21:20', '2020-09-03 03:51:20'),
('8d8e9f7f62e6ef862f7136af2719eaf452f6c5931d8ff1ba94c61e91028ef65f5d876d8baaab21af', 117, 1, 'server_access_token', '[]', 0, '2019-11-18 05:00:18', '2019-11-18 05:00:18', '2020-11-18 11:30:18'),
('8f0ef57c3507a012243608646f1175644ad0ff5ed7517b66dea5368bba4e6037268bd4d87a9ded51', 117, 1, 'server_access_token', '[]', 0, '2019-09-19 10:15:59', '2019-09-19 10:15:59', '2020-09-19 16:45:59'),
('8f903226cd9ccba8d3f208dbd4abd80db67dc788f022b5cc793afa48b6b09bc9883c9c107239bdf7', 117, 1, 'server_access_token', '[]', 0, '2019-10-10 02:02:53', '2019-10-10 02:02:53', '2020-10-10 08:32:53'),
('8f938b8cb60e959e39c7c31c2a9de7a65bf90a0b95e908658d8f3e603470d53be2712fc0fc70b48e', 117, 1, 'server_access_token', '[]', 0, '2019-09-18 12:14:58', '2019-09-18 12:14:58', '2020-09-18 18:44:58'),
('8fa26161e5add9715153e3d23020348e6bb32a2be77935892b285e24cd682657fbba444185ab8220', 108, 1, 'server_access_token', '[]', 0, '2019-08-30 05:26:02', '2019-08-30 05:26:02', '2020-08-30 11:56:02'),
('8fcf9328af1409ebbdc1b404f1a1ad7b2ef83b3bf2072b4dc0058ec59de16786734b4eec914556a5', 59, 1, 'server_access_token', '[]', 0, '2019-08-26 04:09:00', '2019-08-26 04:09:00', '2020-08-26 10:39:00'),
('904d33a070e3cc356505af928d2d6c7e14a1f02bf2df7dd43a9a5be8af12954ef3f72ab842264721', 117, 1, 'server_access_token', '[]', 0, '2019-11-02 10:30:23', '2019-11-02 10:30:23', '2020-11-02 17:00:23'),
('916a0d2ff6de97109a0ed9b3b9804a6fe0a635834ddd0b383f07a53efff0fcc57413caa503631a05', 129, 1, 'server_access_token', '[]', 0, '2019-11-25 02:50:32', '2019-11-25 02:50:32', '2020-11-25 09:20:32'),
('924cbb60c928d7368ffcbc03bd6eda50e647dcb95448208489238228d291d641be03ea8f70920e17', 117, 1, 'server_access_token', '[]', 0, '2019-10-22 23:42:25', '2019-10-22 23:42:25', '2020-10-23 06:12:25'),
('92d035e1b74cdc14d6c625f39ad7e473963d0821802330b1d387f6181ebcfbd0a273d0de6022cfde', 69, 1, 'server_access_token', '[]', 0, '2019-08-26 22:35:18', '2019-08-26 22:35:18', '2020-08-27 05:05:18'),
('933d0c5e75c8a865357b3ca8c6a2a31c179f5d1395b4a0f3ce08822756b120bf4689d3817bfe35de', 75, 1, 'server_access_token', '[]', 0, '2019-08-27 00:12:30', '2019-08-27 00:12:30', '2020-08-27 06:42:30'),
('944f69ad044614e47499ec8f1841d2d6953fbb90e9dfbc164b65d18d0217280aa17c206ff36ed512', 117, 1, 'server_access_token', '[]', 0, '2019-11-06 15:33:15', '2019-11-06 15:33:15', '2020-11-06 22:03:15'),
('9580386d3235e8dd02694d14a5d8d8a5646969ef2bd739bbacfbcfb517d07ed275687388c6d45762', 131, 1, 'server_access_token', '[]', 0, '2019-11-25 02:55:33', '2019-11-25 02:55:33', '2020-11-25 09:25:33'),
('966bef5084120dc08b885bf22dbb4ae078ab76f675c917bd85df9fdd3ebf8d3f8e0955a47d74359d', 117, 1, 'server_access_token', '[]', 0, '2019-11-01 11:20:49', '2019-11-01 11:20:49', '2020-11-01 17:50:49'),
('969a44c9b28a617582af1fb7175c8754850623606492c7233f115984961e0a95c30ec06ef6f08e2e', 117, 1, 'server_access_token', '[]', 0, '2019-09-18 21:00:28', '2019-09-18 21:00:28', '2020-09-19 03:30:28'),
('985859757a34396934c9cdce1998933067f9336a63380396f957cf8ae95847ed6d95c4aaa4e286ed', 117, 1, 'server_access_token', '[]', 0, '2019-09-18 21:36:36', '2019-09-18 21:36:36', '2020-09-19 04:06:36'),
('99d076c85eff0ef181f29da1fdeeb3e1b732239c88e3f64847607c2b1993e389da492ef6697e57a0', 117, 1, 'server_access_token', '[]', 0, '2019-11-08 15:55:21', '2019-11-08 15:55:21', '2020-11-08 22:25:21'),
('9b114c3b7a6d26ac0953d2f7d28ebd4f77396bd63a1cc13c626c4a6700701b87dd489ae560c080b8', 72, 1, 'server_access_token', '[]', 0, '2019-08-27 00:04:35', '2019-08-27 00:04:35', '2020-08-27 06:34:35'),
('9bee52f62c11783f9dc1f99b7df76674863f1d402e3cb48dd3813ee1dea08f4fe3d17727b354985f', 42, 1, 'server_access_token', '[]', 0, '2019-08-26 03:43:24', '2019-08-26 03:43:24', '2020-08-26 10:13:24'),
('9d4648337a1b4c6af488779d5202926e4e7abf8557f07eddf7c1b70f2954b3bbcb6c11a0b45a56e9', 117, 1, 'server_access_token', '[]', 0, '2019-10-09 16:02:58', '2019-10-09 16:02:58', '2020-10-09 22:32:58'),
('9dc00a798e69035f95a91c5dfc99ec43e175c9b3c2766795f67df358276c1e3ae9deaf0dee676803', 51, 1, 'server_access_token', '[]', 0, '2019-08-26 03:56:57', '2019-08-26 03:56:57', '2020-08-26 10:26:57'),
('9dc80f9d153bf645fdd84653162502fdaca163a8f04a3cbb34d2a97318b71ca8c4ad3be9b178a57e', 55, 1, 'server_access_token', '[]', 0, '2019-08-26 04:02:06', '2019-08-26 04:02:06', '2020-08-26 10:32:06'),
('9ec145f3175e699dc2486b074b9a7d2941e879d09f400ceb9a106f6b031e8e6d4a0a584961285b14', 106, 1, 'server_access_token', '[]', 0, '2019-10-01 23:38:14', '2019-10-01 23:38:14', '2020-10-02 06:08:14'),
('9f2e3acbf44312a6ae7948b1361ec25e6ede992c990e7de509024c7a55adbc434115a3b0dba40e5c', 117, 1, 'server_access_token', '[]', 0, '2019-10-07 10:02:47', '2019-10-07 10:02:47', '2020-10-07 16:32:47'),
('9fa105e340e0cf307c09c123570b21bf326337a3baa4d8f1e5608694a016525a15b486bb31034ed6', 78, 1, 'server_access_token', '[]', 0, '2019-08-27 00:22:14', '2019-08-27 00:22:14', '2020-08-27 06:52:14'),
('a02acd82234c3fa6b38417341111f195f6921dd92ec5b5cec21ce4d2312e6e61b692dc820a27a0d9', 106, 1, 'server_access_token', '[]', 0, '2019-09-19 23:18:38', '2019-09-19 23:18:38', '2020-09-20 05:48:38'),
('a1e0213c519ed76cdcb6472f43209d421a7a41c0d0530069abe4456e85ed03bc973b1da14f9d9724', 106, 1, 'server_access_token', '[]', 0, '2019-09-18 03:24:05', '2019-09-18 03:24:05', '2020-09-18 09:54:05'),
('a47a85799f34dfe48b24ec719e654ca0e51d8a98fc06580a2c3e9a77b20c8d0d07ba9784fb09f123', 106, 1, 'server_access_token', '[]', 0, '2019-10-16 04:57:25', '2019-10-16 04:57:25', '2020-10-16 11:27:25'),
('a4fa9038b359a67838c3fb611849a308f3b4c8f3679a26a9139f5aa52270315438372b0663ad1004', 119, 1, 'server_access_token', '[]', 0, '2019-09-19 04:09:47', '2019-09-19 04:09:47', '2020-09-19 10:39:47'),
('a5249449a477a34c9df32cec485a4027790efae0d02614bf2052d6faf01cc44380ea6a7faa50e18c', 126, 1, 'server_access_token', '[]', 0, '2019-11-24 22:53:58', '2019-11-24 22:53:58', '2020-11-25 05:23:58'),
('a538cda37f9a05013a53085c473c6e1470d788ea1591389d508e3bd163f34b27798692d68a92d105', 117, 1, 'server_access_token', '[]', 0, '2019-09-19 08:38:06', '2019-09-19 08:38:06', '2020-09-19 15:08:06'),
('a605c2638b117aba16ed04ee11c7533568c8b11a59dfb74b0a3287718f0c195cae2bf9f1182e0d8c', 117, 1, 'server_access_token', '[]', 0, '2019-09-18 21:36:02', '2019-09-18 21:36:02', '2020-09-19 04:06:02'),
('a61731f9d3d4ff26940ba2c4c4c25e41787b9a84b159e3c638dd28e079c155bd5b181c1e39410028', 40, 1, 'server_access_token', '[]', 0, '2019-08-26 03:37:57', '2019-08-26 03:37:57', '2020-08-26 10:07:57'),
('a7e856a5999f0e340d50efe7cf3706bbdd0111a6170c35743ce5e791e83e9b227ef1ec60fb540a52', 117, 1, 'server_access_token', '[]', 0, '2019-10-23 02:18:05', '2019-10-23 02:18:05', '2020-10-23 08:48:05'),
('a9346185e2a44c761d12bb099f7a94de60ba26194388bb7e10eca0e4c2ffc0df464a39345efb38b2', 117, 1, 'server_access_token', '[]', 0, '2019-10-12 02:45:10', '2019-10-12 02:45:10', '2020-10-12 09:15:10'),
('aaff8372d7d79d1e51e2be8b7e7ffb4d1e2b1f401c33a581e39b6c3d15b0726a4a112d1db19d77a8', 117, 1, 'server_access_token', '[]', 0, '2019-10-05 12:56:47', '2019-10-05 12:56:47', '2020-10-05 19:26:47'),
('ab9e3e0ecf3e844af54c229b58a6209516d1d44d1537c49384514b387a34ef866ffd3779f56351fc', 77, 1, 'server_access_token', '[]', 0, '2019-08-27 00:13:40', '2019-08-27 00:13:40', '2020-08-27 06:43:40'),
('abbc4679e4bde5e3cfd9209b99d2cd89a10c84d4a4a70314470bac91b7f28b9b6cc8c2a92502e7a9', 117, 1, 'server_access_token', '[]', 0, '2019-09-18 12:37:06', '2019-09-18 12:37:06', '2020-09-18 19:07:06'),
('ace1e0cd0f967249014082f15d1f3bb776a82e1a99a91e4e374333b5513f85463e9d0953b95b3392', 102, 1, 'server_access_token', '[]', 0, '2019-08-27 09:24:15', '2019-08-27 09:24:15', '2020-08-27 15:54:15'),
('ad419ab2c9359c063e175e57cf08c98347580dec8fcbbaa25230ecfc033b4d82e59c656369e02293', 106, 1, 'server_access_token', '[]', 0, '2019-09-27 03:54:39', '2019-09-27 03:54:39', '2020-09-27 10:24:39'),
('ad42fa22cb83e554adcc6358e7556ed21bc9e5ec6030cbf53feaf4362845ec4604b32608b94f66d6', 63, 1, 'server_access_token', '[]', 0, '2019-08-26 22:10:11', '2019-08-26 22:10:11', '2020-08-27 04:40:11'),
('adfddebecd3c2f6a8a2d7fb6b15c68f87e6e50e4d607f8c3fffda2025dda8d7d38257119705ede97', 117, 1, 'server_access_token', '[]', 0, '2019-10-05 11:49:27', '2019-10-05 11:49:27', '2020-10-05 18:19:27'),
('ae3f18a6b84d3f6d44ef0a6c928872747a52ff8b39c8f07bc8999ed52396c6763c8f5f2c959addfc', 123, 1, 'server_access_token', '[]', 0, '2019-10-25 08:24:14', '2019-10-25 08:24:14', '2020-10-25 14:54:14'),
('ae4f511925b9f9a919603c4d32b3366a727f5e53e3476dcbeb369e243be50044c8ed2d5fdcf6789c', 117, 1, 'server_access_token', '[]', 0, '2019-11-27 22:58:59', '2019-11-27 22:58:59', '2020-11-28 05:28:59'),
('af10d31724d566ea8f23f4fe1eff026719e696a0f3863adc2b4dbb593798655e01b4760eb43de650', 117, 1, 'server_access_token', '[]', 0, '2019-11-19 01:14:43', '2019-11-19 01:14:43', '2020-11-19 07:44:43'),
('af72db45b5d19b77c4d2091ac3046e377e3b0132e51ed0f639f40ae5fc419ac4a1a190d80eedc8a5', 106, 1, 'server_access_token', '[]', 0, '2019-08-30 00:47:12', '2019-08-30 00:47:12', '2020-08-30 07:17:12'),
('b0b198eea7a9076da0dd43b91f4af93962f74bd07291bdb84334e81096c5d745d9460e5efd63f803', 117, 1, 'server_access_token', '[]', 0, '2019-09-18 11:15:30', '2019-09-18 11:15:30', '2020-09-18 17:45:30'),
('b266cafc068cae4b4828aacf337dc3dc01067fb44d4c161eaf89086313f7361658e83e9a5f038699', 117, 1, 'server_access_token', '[]', 0, '2019-10-14 08:09:05', '2019-10-14 08:09:05', '2020-10-14 14:39:05'),
('b346303df6ac78b55c34d6eb9f6f9aba36eb70fccb64a904d42b6d1e55e90301d22b3618a6d10212', 117, 1, 'server_access_token', '[]', 0, '2019-09-18 11:42:15', '2019-09-18 11:42:15', '2020-09-18 18:12:15'),
('b3c718fa938e4fff269a5e4ba406a31f1492da4e1242c64e984254e431cef2e5bc5cc1b7b2315cc6', 117, 1, 'server_access_token', '[]', 0, '2019-10-14 06:11:24', '2019-10-14 06:11:24', '2020-10-14 12:41:24'),
('b4d4161011a526b7e7a4de2659e9e6a32b3db4de2ec27da9db71794cf1ec1df8f7fd2926110e24cc', 117, 1, 'server_access_token', '[]', 0, '2019-11-04 02:06:49', '2019-11-04 02:06:49', '2020-11-04 08:36:49'),
('b5f65957c0a1936bc21bef4c0c9fcbd7220fbd98c7f6f287a118ec22697902db33f7b98c0ff53aa0', 117, 1, 'server_access_token', '[]', 0, '2019-10-05 05:47:13', '2019-10-05 05:47:13', '2020-10-05 12:17:13'),
('b60d345237226e04dec870056a9c6142b937239796d9b3890547ca5033adf493f2b756de41e8cb18', 29, 1, 'Token Name', '[]', 0, '2019-08-25 22:45:36', '2019-08-25 22:45:36', '2020-08-26 05:15:36'),
('b7456acf57845554da71052343acabd395b86dacd95fa1fc9d5adc89d78253c30b35bc50d1b2e935', 117, 1, 'server_access_token', '[]', 0, '2019-09-19 22:06:16', '2019-09-19 22:06:16', '2020-09-20 04:36:16'),
('b7c79953acb15e8217feddc2038f747bda430c43f116ca0be73f9ee0948c1b61195f97fc89da16c0', 117, 1, 'server_access_token', '[]', 0, '2019-11-08 15:56:10', '2019-11-08 15:56:10', '2020-11-08 22:26:10'),
('b859b1711300dcf3f83987758cc987048b018c90347cd3398dff05a62b145651c46bf9824193dc89', 117, 1, 'server_access_token', '[]', 0, '2019-11-25 17:51:03', '2019-11-25 17:51:03', '2020-11-26 00:21:03'),
('b87f22c8c9ed4ba8f13fcadcfeadfb4f3e926425eb274f92be1b06982d807f221902a623b5d7a64d', 117, 1, 'server_access_token', '[]', 0, '2019-09-12 23:33:59', '2019-09-12 23:33:59', '2020-09-13 06:03:59'),
('b8fc313badc41cdc58863c9524c8e32fb142076d1135660928fc983735058dce22f73a266be2a7d9', 117, 1, 'server_access_token', '[]', 0, '2019-10-06 00:06:47', '2019-10-06 00:06:47', '2020-10-06 06:36:47'),
('b936faa2205ef555610a45af9771cd144e70b05c7516a7e3f707f57368c1c67bcfc3e8da3dc9e24b', 117, 1, 'server_access_token', '[]', 0, '2019-09-12 23:31:38', '2019-09-12 23:31:38', '2020-09-13 06:01:38'),
('ba95aaa78c7b0c5c1bd6588a7d747a550e0abdaf25750e7cd1c27621adb8acbd33da47f797b7f2e0', 106, 1, 'server_access_token', '[]', 0, '2019-11-25 04:00:58', '2019-11-25 04:00:58', '2020-11-25 10:30:58'),
('baf81ec1a7aa2cc6b5dc1dba86a9b4620b3129b63dba90ee2d8b3e1461391a24b80097620f6f2a92', 117, 1, 'server_access_token', '[]', 0, '2019-10-23 02:13:20', '2019-10-23 02:13:20', '2020-10-23 08:43:20'),
('bb9d29c7fb8f37f27191dbe47848e52aec13fc5cfed36ad16dcd641a574b567cb904030d743a3e6a', 128, 1, 'server_access_token', '[]', 0, '2019-11-25 01:23:42', '2019-11-25 01:23:42', '2020-11-25 07:53:42'),
('bba995c5361f2252a121537a72b9028aef8945865e559a8cd9e8525a61bd9065df4aed4eecd38336', 117, 1, 'server_access_token', '[]', 0, '2019-11-25 17:51:02', '2019-11-25 17:51:02', '2020-11-26 00:21:02'),
('bc1c9d8d3993836720374d93a160e501ee113b23254e7ee14ff342849b15c6a569abcb6af69cc897', 117, 1, 'server_access_token', '[]', 0, '2019-10-30 23:49:35', '2019-10-30 23:49:35', '2020-10-31 06:19:35'),
('bce44167a737960a7ca4fda655590094d5c315b7586717efc04ce4bf2d1abe342e02cbaa9af69905', 117, 1, 'server_access_token', '[]', 0, '2019-10-07 00:58:43', '2019-10-07 00:58:43', '2020-10-07 07:28:43'),
('bdabd15b3a892ce7830985a295e0334242cccea8e479bb3e6fae7732d8e47b6375af2521fa3b367d', 115, 1, 'server_access_token', '[]', 0, '2019-09-04 21:05:32', '2019-09-04 21:05:32', '2020-09-05 03:35:32'),
('bf1266a260ff8c8a08e6d79a7b202f782fed4ea153814a6c7ba5a957c0d0dc40915a83c6bda0e093', 90, 1, 'server_access_token', '[]', 0, '2019-08-27 07:49:30', '2019-08-27 07:49:30', '2020-08-27 14:19:30'),
('c029bf54d7793aa3f9f2ce361b612c35803213366fd03ae8b490b0397a51742e291d71065f887ea7', 111, 1, 'server_access_token', '[]', 0, '2019-09-02 09:10:07', '2019-09-02 09:10:07', '2020-09-02 15:40:07'),
('c0400a856fc02390eccceaac0edfc98e79bb567b7ddf5ebfa7cc5ef600f862ae03040d5e378ac3ef', 107, 1, 'server_access_token', '[]', 0, '2019-08-30 04:53:09', '2019-08-30 04:53:09', '2020-08-30 11:23:09'),
('c1057fd10b424806fdb6baf72b7a24f62039d37c125a01d68d4121dc03cedba1a99bb60c29c741b6', 37, 1, 'server_access_token', '[]', 0, '2019-08-26 02:33:08', '2019-08-26 02:33:08', '2020-08-26 09:03:08'),
('c1911706b6db28b4a669f5d4ccb8889682bfb8c9c05550ca9010d938a2b7ff96cacd246dcaa0b17d', 117, 1, 'server_access_token', '[]', 0, '2019-11-03 10:07:54', '2019-11-03 10:07:54', '2020-11-03 16:37:54'),
('c227062382026761cf4a7d5fd4e819d9fd5acb26b0481f15e7db165154c5900c726efe07bcb1157b', 106, 1, 'server_access_token', '[]', 0, '2019-09-19 23:18:37', '2019-09-19 23:18:37', '2020-09-20 05:48:37'),
('c2d642d63e071b6514d63fd5873ee0aab31e7db07c4d984693ead36af6cf392dd3b99b8b75ca21f5', 117, 1, 'server_access_token', '[]', 0, '2019-11-28 02:40:00', '2019-11-28 02:40:00', '2020-11-28 09:10:00'),
('c2de9b47d95b9d4794a25002e2d12cb5c1e3ca58e21d830c8ed4c531f3bc3a921e39f9569096aa38', 117, 1, 'server_access_token', '[]', 0, '2019-11-06 20:46:49', '2019-11-06 20:46:49', '2020-11-07 03:16:49'),
('c4b22575cdd4db3ff2e7d75b5645d148356454b01b8619f122c9340e491875ce228df05aa96187e6', 117, 1, 'server_access_token', '[]', 0, '2019-10-31 00:50:57', '2019-10-31 00:50:57', '2020-10-31 07:20:57'),
('c57dd5f3efb41358dec8c1af3822e5e0864abd5b7ad6a25f706515eeb11e130aeb55dbd0672694a6', 117, 1, 'server_access_token', '[]', 0, '2019-09-18 12:35:39', '2019-09-18 12:35:39', '2020-09-18 19:05:39'),
('c5bdf3778e5a13813e3d8086daa582f45e6773c7b0a462471457def098abb047ce77faec8a728e8d', 106, 1, 'server_access_token', '[]', 0, '2019-09-22 20:56:38', '2019-09-22 20:56:38', '2020-09-23 03:26:38'),
('c5e33f72be8db395da868d5f135adb36e0b10176297d083f6fa4985ec50ae6d71bc6458f8744eaaa', 117, 1, 'server_access_token', '[]', 0, '2019-10-05 08:08:53', '2019-10-05 08:08:53', '2020-10-05 14:38:53'),
('c8292f1a2614f633c3361d03397d011f04330f183c8ae78d24ce865582565dc066898ced38b3fec3', 117, 1, 'server_access_token', '[]', 0, '2019-10-10 00:42:57', '2019-10-10 00:42:57', '2020-10-10 07:12:57'),
('c8a2991bf2c9308e1910dbf6b3de722a4fc5d1a5fb364b7e4436f24b1c4ff5fb5eb3c96df0283e50', 106, 1, 'server_access_token', '[]', 0, '2019-09-30 22:50:49', '2019-09-30 22:50:49', '2020-10-01 05:20:49'),
('c943ed485353f451a37779255e781889e2df16fed721fa3f83df0331739ed85517e60c8a14996390', 117, 1, 'server_access_token', '[]', 0, '2019-11-01 10:50:22', '2019-11-01 10:50:22', '2020-11-01 17:20:22'),
('c94b6a5123e6d9bb9192951e4c52c2c649c1d156c2dda5c5d89743b216ef46ea0055364202859463', 117, 1, 'server_access_token', '[]', 0, '2019-11-05 11:44:45', '2019-11-05 11:44:45', '2020-11-05 18:14:45'),
('ca17799628821f0453fbe74172ba41d6a9d2852089a77944769308bedbb006e9de379b398ebf9246', 129, 1, 'server_access_token', '[]', 0, '2019-11-25 02:50:31', '2019-11-25 02:50:31', '2020-11-25 09:20:31'),
('cacdbb67ef7a48dcc8bac4f6b11db610d4a6f61005b18170a373d03bfccecf29de24e4adf34cea15', 106, 1, 'server_access_token', '[]', 0, '2019-09-24 20:31:06', '2019-09-24 20:31:06', '2020-09-25 03:01:06'),
('cbaf306f4a53cc8144f9bc58bab1c39b5f64df130bbcbc3ace19fb9d999a9dc097e1c2e707ad6218', 103, 1, 'server_access_token', '[]', 0, '2019-08-27 09:28:15', '2019-08-27 09:28:15', '2020-08-27 15:58:15'),
('ccaeb8598920f216cfb7c8fd75a96308d839b9cae0f21936e8b620b338553d172f5579baa93968ad', 117, 1, 'server_access_token', '[]', 0, '2019-11-08 06:39:59', '2019-11-08 06:39:59', '2020-11-08 13:09:59'),
('cd6c792d70819d304086c720e15f0657ae8c7a570371cba9c1a42dc6a987651b1ca38c393af40b62', 117, 1, 'server_access_token', '[]', 0, '2019-10-08 00:26:30', '2019-10-08 00:26:30', '2020-10-08 06:56:30'),
('cd91985f3f2bd431db9791ad6baad23d10c4db5e3bdf63ebc27549a9fe8e2e3fecd6f30e27974ae3', 109, 1, 'server_access_token', '[]', 0, '2019-09-01 08:53:38', '2019-09-01 08:53:38', '2020-09-01 15:23:38'),
('cd9d95e865d23ff8b9b2bd333f25b5d741ae3e0aa20cb9a63d3deea41dea560bfa742956990bdb7f', 106, 1, 'server_access_token', '[]', 0, '2019-10-05 21:18:42', '2019-10-05 21:18:42', '2020-10-06 03:48:42'),
('cdbc89e82b6db161806004a091664006cf458a05689ff280e357681d9d5bab5deb922128a728bd46', 117, 1, 'server_access_token', '[]', 0, '2019-11-26 09:24:08', '2019-11-26 09:24:08', '2020-11-26 15:54:08'),
('cf211e0e37f51256ae07871ca8a81270d014248d0810ab715be7c264de47d5ce0bdfab28a62ff9f9', 117, 1, 'server_access_token', '[]', 0, '2019-10-08 00:22:04', '2019-10-08 00:22:04', '2020-10-08 06:52:04'),
('d07af31a14b805d85408ef0eff0e3145953ee27dc9bfd65d36b72da7bfd619d3506b90fe98f7b4e1', 117, 1, 'server_access_token', '[]', 0, '2019-10-12 03:29:51', '2019-10-12 03:29:51', '2020-10-12 09:59:51'),
('d12a23ea0bac00981a9a1f2ccc4f0fffdac581b1a0350f50a0a74323a6e189a78bc25cb3480e1f0c', 117, 1, 'server_access_token', '[]', 0, '2019-09-18 12:57:38', '2019-09-18 12:57:38', '2020-09-18 19:27:38'),
('d3131af63ba593549f20d4c9f909017abebf7477965da423e2a863150f6acc9a88450b8e32dea4df', 117, 1, 'server_access_token', '[]', 0, '2019-11-12 01:03:09', '2019-11-12 01:03:09', '2020-11-12 07:33:09'),
('d4859a7f19be2d2c2a7e439db774ddff49338178a1603a3f1298561c2368c868d8d4cde85e26eea4', 117, 1, 'server_access_token', '[]', 0, '2019-10-07 10:27:23', '2019-10-07 10:27:23', '2020-10-07 16:57:23'),
('d60a981710d25e81a990ee72cb930a93cc86f0684e1e6a3afeb36cb908361a6d743a2c89c368138b', 82, 1, 'server_access_token', '[]', 0, '2019-08-27 02:18:05', '2019-08-27 02:18:05', '2020-08-27 08:48:05'),
('d626327e1e2de95791af1fce710a6fa530d888a95a3d7d59b2bcbf9570ac5585f39ee2afdde8ad05', 117, 1, 'server_access_token', '[]', 0, '2019-09-09 21:37:10', '2019-09-09 21:37:10', '2020-09-10 04:07:10'),
('d628cd9ad35fcc5cba415889671afefd10a7c73e7af6f79d7fd65a446f9203419b1b94d0efb64dbf', 106, 1, 'server_access_token', '[]', 0, '2019-11-21 19:04:17', '2019-11-21 19:04:17', '2020-11-22 01:34:17'),
('d62d95d414a0b25daf876da2716d3b61725108e0ef027d15589c0db85735420dcd41bb56b6b6bc92', 107, 1, 'server_access_token', '[]', 0, '2019-08-30 04:52:55', '2019-08-30 04:52:55', '2020-08-30 11:22:55'),
('d8921ae741ca88a7b89c7eac239090d9a50b7856d6dda1f9dd3970a096d4401aa66d6087b3683a70', 79, 1, 'server_access_token', '[]', 0, '2019-08-27 00:41:35', '2019-08-27 00:41:35', '2020-08-27 07:11:35'),
('da538afb7ea058085b87dc50a781bd91e348b9479cba0ca4358ee000c0969cb7ecb871ac390dcce2', 119, 1, 'server_access_token', '[]', 0, '2019-09-19 04:09:47', '2019-09-19 04:09:47', '2020-09-19 10:39:47'),
('dab769b154346aa0443de062105c25744725797be25c6f37097d8355d56515ace343bc6febc8db30', 106, 1, 'server_access_token', '[]', 0, '2019-10-01 23:38:14', '2019-10-01 23:38:14', '2020-10-02 06:08:14'),
('dac9b33e40b4e184306bf344e1b5a358ecf20f62ccff4437fad09205494ffe7e9c41938adb7041bb', 117, 1, 'server_access_token', '[]', 0, '2019-09-09 01:01:54', '2019-09-09 01:01:54', '2020-09-09 07:31:54'),
('dbd1888db137f73f1296c7710d189a6f11f494a75a2071d4917e39fdc6c0329c105e990765268ec3', 117, 1, 'server_access_token', '[]', 0, '2019-11-02 10:21:13', '2019-11-02 10:21:13', '2020-11-02 16:51:13'),
('dc753867358e9a712d52e2f24aa347592ad026a574f7394a21faf7372653344bd1136ce4d9c19753', 50, 1, 'server_access_token', '[]', 0, '2019-08-26 03:55:52', '2019-08-26 03:55:52', '2020-08-26 10:25:52'),
('dca898a304827db1e325a26f83b521a3050e087db4630117d5cc07487653264613bc4d66c2226463', 117, 1, 'server_access_token', '[]', 0, '2019-10-10 01:14:23', '2019-10-10 01:14:23', '2020-10-10 07:44:23'),
('dee392e281cc08ec5d85085c5aaa971f7f6363fe4ecadcdbbab538b7c39834a5809f1894033552ac', 117, 1, 'server_access_token', '[]', 0, '2019-10-06 10:30:51', '2019-10-06 10:30:51', '2020-10-06 17:00:51'),
('df37031691dd4768c369e004f75985911fb51bc25023f0ae5c9c67c644c1d0b189c92f72e0224ecb', 117, 1, 'server_access_token', '[]', 0, '2019-09-18 11:14:03', '2019-09-18 11:14:03', '2020-09-18 17:44:03'),
('e13e000d14755febecd8654f3423a34bf8a8f45cc9fce8cbdd0cc23cfc54cdd0b75e5d7e36843895', 117, 1, 'server_access_token', '[]', 0, '2019-09-23 06:38:41', '2019-09-23 06:38:41', '2020-09-23 13:08:41'),
('e32f7c2c9040e668035519ac3918cb6439ac5294ce1fde878ebf7e4ff87046eb9525ae4d6f0385a5', 106, 1, 'server_access_token', '[]', 0, '2019-09-01 03:50:20', '2019-09-01 03:50:20', '2020-09-01 10:20:20'),
('e387b9b7938f4e0279433ee8cad156856933bc18a97aaf97505a77a59b6c95fcdfad1cbe2b5d9941', 117, 1, 'server_access_token', '[]', 0, '2019-09-18 11:26:14', '2019-09-18 11:26:14', '2020-09-18 17:56:14'),
('e8cfab875ae65f4db2bb7b865bc6ed92a2d77bdd97df57476c8c87cb33fa896ebc4b9f5426167021', 57, 1, 'server_access_token', '[]', 0, '2019-08-26 04:06:00', '2019-08-26 04:06:00', '2020-08-26 10:36:00'),
('e8fd44dcd9b669a49f08265b209e75458160811c104184cbfeca74ffbe062732d9e4a1c472e862cc', 117, 1, 'server_access_token', '[]', 0, '2019-09-06 08:22:28', '2019-09-06 08:22:28', '2020-09-06 14:52:28');
INSERT INTO `oauth_access_tokens` (`id`, `user_id`, `client_id`, `name`, `scopes`, `revoked`, `created_at`, `updated_at`, `expires_at`) VALUES
('ea905db7a03ccd33428f263f42f6453bf4457ed9b672199eefc9ad21c1041e7965dbe76ca460879b', 117, 1, 'server_access_token', '[]', 0, '2019-10-29 17:13:03', '2019-10-29 17:13:03', '2020-10-29 23:43:03'),
('ec96af00e75fbe50968eaf73bed9675b0d28fba89e3286a40188eea53b846b9beb59dfc4f3da3536', 107, 1, 'server_access_token', '[]', 0, '2019-08-30 05:04:59', '2019-08-30 05:04:59', '2020-08-30 11:34:59'),
('ecd10a0e37f9dee3b6014f28e868b7e0548ac5d0228b186ced1f1cd5ed7f09c5776bf71fbf76599a', 117, 1, 'server_access_token', '[]', 0, '2019-10-05 08:24:03', '2019-10-05 08:24:03', '2020-10-05 14:54:03'),
('ed3fbc3e532184b1efcbc4fb2f208ff91c2bb68555e7b4c933efae63e29ca91e07db5a0c511ffec0', 107, 1, 'server_access_token', '[]', 0, '2019-08-30 05:17:46', '2019-08-30 05:17:46', '2020-08-30 11:47:46'),
('ee1e8b183fc5cd9ef89be72655dbc887debddf3b9caffc1f02accb19d794f68bdee9a9175fed8be6', 117, 1, 'server_access_token', '[]', 0, '2019-10-22 01:13:30', '2019-10-22 01:13:30', '2020-10-22 07:43:30'),
('ee47759692d5d41d45d3f115d964f54f5df99f3c6534c7c7421c005f2f10a23f8b1e45b4af4c2336', 117, 1, 'server_access_token', '[]', 0, '2019-11-08 15:55:23', '2019-11-08 15:55:23', '2020-11-08 22:25:23'),
('ee7cb7c84784a4de834761f88c0cbfc35a9cc502d26dd3cb1deceaadcd7afe303a05204a093cfd10', 117, 1, 'server_access_token', '[]', 0, '2019-09-09 00:47:50', '2019-09-09 00:47:50', '2020-09-09 07:17:50'),
('eeb26e5c1e6eb9d1b87569cc5da7d211e910910f209b875c932bac575dab8aa7ac890fcbac7f0a86', 117, 1, 'server_access_token', '[]', 0, '2019-10-22 04:05:20', '2019-10-22 04:05:20', '2020-10-22 10:35:20'),
('f3524b1f5f97738baee98a9e60bf7b716a849f00a0480c0adb7e29738f89064639f1eb650677d461', 73, 1, 'server_access_token', '[]', 0, '2019-08-27 00:06:06', '2019-08-27 00:06:06', '2020-08-27 06:36:06'),
('f39737d6c9460a85e83fa1f18b5181a697b935fc190d355b9189c408eb8ed9038268548e84b7e4b8', 117, 1, 'server_access_token', '[]', 0, '2019-09-12 23:33:11', '2019-09-12 23:33:11', '2020-09-13 06:03:11'),
('f444aaa29305f0a2e0e175a8efe0c2125610bed5c51ee6acb495a98df416b0ba9964fe1ca69b93c0', 117, 1, 'server_access_token', '[]', 0, '2019-10-14 08:11:21', '2019-10-14 08:11:21', '2020-10-14 14:41:21'),
('f4dd51ef4122400490903505ce6aec9ecefca42752ec68c1edf8be0f600c65395914e98771d1dcc6', 117, 1, 'server_access_token', '[]', 0, '2019-11-09 18:38:02', '2019-11-09 18:38:02', '2020-11-10 01:08:02'),
('f574524765964c73121836d4c5930e9678a45f37481a2560afb9e0f085c952f9f06e94f0c28e9e2c', 110, 1, 'server_access_token', '[]', 0, '2019-09-01 19:06:47', '2019-09-01 19:06:47', '2020-09-02 01:36:47'),
('f6a352dd00cff7a3bcd05c4200c43c13dd54d5e3ab58298e152703b74013e63a4bbf1b07d2c33d2f', 106, 1, 'server_access_token', '[]', 0, '2019-10-22 01:10:36', '2019-10-22 01:10:36', '2020-10-22 07:40:36'),
('f6e7d1f3053497b2b20dfa2e0555c3f5ec4a2a6a7042f183eb60a22cd2273064032e562828c842e3', 117, 1, 'server_access_token', '[]', 0, '2019-09-13 00:32:21', '2019-09-13 00:32:21', '2020-09-13 07:02:21'),
('f7df3d456ba872f671f3ad0326d0726ab39f03a7a546abedbdc7aab7591680a9cece33e8f6fa301a', 117, 1, 'server_access_token', '[]', 0, '2019-11-18 04:57:16', '2019-11-18 04:57:16', '2020-11-18 11:27:16'),
('f8f036061945f69f1146ecf32fe2e0f6e507c451ea4b7057d1e2bf181475f4c8642f784795ede178', 117, 1, 'server_access_token', '[]', 0, '2019-11-26 23:55:25', '2019-11-26 23:55:25', '2020-11-27 06:25:25'),
('f91e7389c00f7222df10f231afca500569a320be60a159f4b2826dc8fee50c0476fdbfc8b16b888e', 106, 1, 'server_access_token', '[]', 0, '2019-09-18 03:24:12', '2019-09-18 03:24:12', '2020-09-18 09:54:12'),
('f921cd804b442fbe65848b3a3d5e45e0c55ced27ab63b1f6df06c7b8de6bf6d5a47e6b8a8e34a9b0', 117, 1, 'server_access_token', '[]', 0, '2019-11-01 09:56:29', '2019-11-01 09:56:29', '2020-11-01 16:26:29'),
('f9f8c607d6ce7768a43a6d352a5888b176e67684761f37d4dc9bbcabefa91290c9ad641befa4c680', 48, 1, 'server_access_token', '[]', 0, '2019-08-26 03:52:30', '2019-08-26 03:52:30', '2020-08-26 10:22:30'),
('fb52749024e2a3ba48b63401348e0ccb46b120fdf51d480008b4541f525a98b414fb7790416d089a', 115, 1, 'server_access_token', '[]', 0, '2019-09-04 21:05:36', '2019-09-04 21:05:36', '2020-09-05 03:35:36'),
('fbbe3a244fb76d98401853bcdaf1cb6ad664063ec3629e2d8fabb397e8c5dd0c4e7eca588a965120', 106, 1, 'server_access_token', '[]', 0, '2019-10-05 21:18:42', '2019-10-05 21:18:42', '2020-10-06 03:48:42'),
('fd9d1db969a747b67be857d02f221d8dca7ca7a0eca40b72a307ec9137dfc8bb8428c699eccac74e', 117, 1, 'server_access_token', '[]', 0, '2019-11-06 20:50:11', '2019-11-06 20:50:11', '2020-11-07 03:20:11'),
('fdba3f747e4ea1ea6307bceb8cdb4b03e74dec9daac8e39555f6f9c1b327200ae523c66bcf9d4c5b', 117, 1, 'server_access_token', '[]', 0, '2019-09-19 22:07:49', '2019-09-19 22:07:49', '2020-09-20 04:37:49'),
('fe497f645f2f6ebe097e5e35ab7e643f820d29e3be2cb720fd9731c46183463fdaea11e5b64fdcdf', 106, 1, 'server_access_token', '[]', 0, '2019-09-01 03:50:18', '2019-09-01 03:50:18', '2020-09-01 10:20:18');

-- --------------------------------------------------------

--
-- Table structure for table `oauth_auth_codes`
--

CREATE TABLE `oauth_auth_codes` (
  `id` varchar(100) COLLATE utf8mb4_unicode_ci NOT NULL,
  `user_id` bigint(20) NOT NULL,
  `client_id` int(10) UNSIGNED NOT NULL,
  `scopes` text COLLATE utf8mb4_unicode_ci,
  `revoked` tinyint(1) NOT NULL,
  `expires_at` datetime DEFAULT NULL
) ENGINE=InnoDB DEFAULT CHARSET=utf8mb4 COLLATE=utf8mb4_unicode_ci;

-- --------------------------------------------------------

--
-- Table structure for table `oauth_clients`
--

CREATE TABLE `oauth_clients` (
  `id` int(10) UNSIGNED NOT NULL,
  `user_id` bigint(20) DEFAULT NULL,
  `name` varchar(191) COLLATE utf8mb4_unicode_ci NOT NULL,
  `secret` varchar(100) COLLATE utf8mb4_unicode_ci NOT NULL,
  `redirect` text COLLATE utf8mb4_unicode_ci NOT NULL,
  `personal_access_client` tinyint(1) NOT NULL,
  `password_client` tinyint(1) NOT NULL,
  `revoked` tinyint(1) NOT NULL,
  `created_at` timestamp NULL DEFAULT NULL,
  `updated_at` timestamp NULL DEFAULT NULL
) ENGINE=InnoDB DEFAULT CHARSET=utf8mb4 COLLATE=utf8mb4_unicode_ci;

--
-- Dumping data for table `oauth_clients`
--

INSERT INTO `oauth_clients` (`id`, `user_id`, `name`, `secret`, `redirect`, `personal_access_client`, `password_client`, `revoked`, `created_at`, `updated_at`) VALUES
(1, NULL, 'Laravel Personal Access Client', 'rnRzLhdUkOjRT2tHiDJZXopUfc8n1H0Z9z0Hcdv5', 'http://localhost', 1, 0, 0, '2019-08-22 15:13:39', '2019-08-22 15:13:39'),
(2, NULL, 'Laravel Password Grant Client', 'JSdr6wfAMmFh83BPY8XBS3ExeMFRVuZR5OPHvzqI', 'http://localhost', 0, 1, 0, '2019-08-22 15:13:39', '2019-08-22 15:13:39'),
(3, 1, 'yeyintnaung', 'fJLWNlJzjdOA998lN4COV29LaNTXWpScjKFK76UH', 'https://www.google.com/callback', 0, 0, 0, '2019-08-22 16:24:37', '2019-08-22 16:24:37'),
(4, 1212, 'yeyintnaung', 'cKR7JSFWNPlHVerkl7IaXEr0iSqcyvbCbvSNkSr9', 'http://localhost/auth/callback', 0, 0, 0, '2019-08-25 12:16:06', '2019-08-25 12:16:06');

-- --------------------------------------------------------

--
-- Table structure for table `oauth_personal_access_clients`
--

CREATE TABLE `oauth_personal_access_clients` (
  `id` int(10) UNSIGNED NOT NULL,
  `client_id` int(10) UNSIGNED NOT NULL,
  `created_at` timestamp NULL DEFAULT NULL,
  `updated_at` timestamp NULL DEFAULT NULL
) ENGINE=InnoDB DEFAULT CHARSET=utf8mb4 COLLATE=utf8mb4_unicode_ci;

--
-- Dumping data for table `oauth_personal_access_clients`
--

INSERT INTO `oauth_personal_access_clients` (`id`, `client_id`, `created_at`, `updated_at`) VALUES
(1, 1, '2019-08-22 15:13:39', '2019-08-22 15:13:39');

-- --------------------------------------------------------

--
-- Table structure for table `oauth_refresh_tokens`
--

CREATE TABLE `oauth_refresh_tokens` (
  `id` varchar(100) COLLATE utf8mb4_unicode_ci NOT NULL,
  `access_token_id` varchar(100) COLLATE utf8mb4_unicode_ci NOT NULL,
  `revoked` tinyint(1) NOT NULL,
  `expires_at` datetime DEFAULT NULL
) ENGINE=InnoDB DEFAULT CHARSET=utf8mb4 COLLATE=utf8mb4_unicode_ci;

-- --------------------------------------------------------

--
-- Table structure for table `password_resets`
--

CREATE TABLE `password_resets` (
  `email` varchar(191) COLLATE utf8mb4_unicode_ci NOT NULL,
  `token` varchar(191) COLLATE utf8mb4_unicode_ci NOT NULL,
  `created_at` timestamp NULL DEFAULT NULL
) ENGINE=InnoDB DEFAULT CHARSET=utf8mb4 COLLATE=utf8mb4_unicode_ci;

-- --------------------------------------------------------

--
-- Table structure for table `sliders`
--

CREATE TABLE `sliders` (
  `id` int(222) NOT NULL,
  `description` longtext COLLATE utf8_unicode_ci NOT NULL,
  `videos` varchar(222) COLLATE utf8_unicode_ci NOT NULL,
  `images` varchar(222) COLLATE utf8_unicode_ci NOT NULL,
  `uploader_id` varchar(222) COLLATE utf8_unicode_ci NOT NULL,
  `videos_type` varchar(222) COLLATE utf8_unicode_ci NOT NULL,
  `created_at` timestamp(6) NOT NULL DEFAULT CURRENT_TIMESTAMP(6) ON UPDATE CURRENT_TIMESTAMP(6),
  `updated_at` timestamp(6) NOT NULL DEFAULT '0000-00-00 00:00:00.000000'
) ENGINE=InnoDB DEFAULT CHARSET=utf8 COLLATE=utf8_unicode_ci;

--
-- Dumping data for table `sliders`
--

INSERT INTO `sliders` (`id`, `description`, `videos`, `images`, `uploader_id`, `videos_type`, `created_at`, `updated_at`) VALUES
(21, 'SNLD \r\nမော်ထွန်းအောင်\r\nအမှတ် ၅ အမျိုးသားလွှတ်တော်မဲဆန္ဒနယ်\r\nရှမ်းပြည်နယ် (ကွတ်ခိုင်၊ မူဆယ်၊နမ့်ခမ်း မြို့နယ်)', '160005590746604215_758616401630307_1602301257220548881_n.mp4', '1607656138ELECTION (1).jpg', '1', 'video/mp4', '2020-12-11 03:08:58.949284', '2020-12-11 03:08:58.000000'),
(23, '\" ပြည်သူ့ဆန္ဒ\" အသံလွှင့်အစီအစဉ်', '1611728203video-1610942701.mp4', '1611728203ELECTION (3).jpg', '1', 'video/mp4', '2021-01-27 06:16:43.179712', '2021-01-27 06:16:43.179722'),
(24, 'အာဏာ မသိမ်းဘူးလို့ မှတ်ယူလို့ မရကြောင်း တပ်မတော်ပြောကြား', '161172903710000000_1387049811634007_8965460442834357860_n_2.mp4', '1611729037ELECTION (4).jpg', '1', 'video/mp4', '2021-01-27 06:30:37.445712', '2021-01-27 06:30:37.445721'),
(25, 'ဥပဒေကိုမလေးစားမလိုက်နာလျှင် ဖွဲ့စည်းပုံအခြေခံဥပဒေကိုဖျက်သိမ်းမည်ဟု တပ်မတော်မှပြောကြားခဲ့', '161189506910000000_3526172667481636_2175711646531446498_n.mp4', '1611895069ELECTION (6).jpg', '1', 'video/mp4', '2021-01-29 04:37:49.488931', '2021-01-29 04:37:49.488953');

-- --------------------------------------------------------

--
-- Table structure for table `social_viewers_data`
--

CREATE TABLE `social_viewers_data` (
  `id` int(222) NOT NULL,
  `user_id` int(222) NOT NULL,
  `provider_user_id` varchar(222) COLLATE utf8_unicode_ci NOT NULL,
  `provider` varchar(222) COLLATE utf8_unicode_ci NOT NULL,
  `created_at` datetime(6) NOT NULL DEFAULT CURRENT_TIMESTAMP(6),
  `updated_at` datetime(6) NOT NULL,
  `profile_picture` varchar(222) COLLATE utf8_unicode_ci NOT NULL
) ENGINE=InnoDB DEFAULT CHARSET=utf8 COLLATE=utf8_unicode_ci;

--
-- Dumping data for table `social_viewers_data`
--

INSERT INTO `social_viewers_data` (`id`, `user_id`, `provider_user_id`, `provider`, `created_at`, `updated_at`, `profile_picture`) VALUES
(35, 106, '1607370842727339', 'facebook', '2019-08-30 07:17:11.000000', '2019-08-30 07:17:11.000000', 'https://platform-lookaside.fbsbx.com/platform/profilepic/?asid=1607370842727339&height=50&width=50&ext=1569741429&hash=AeRgaX8nrOQh94Aj'),
(36, 107, '617590325439220', 'facebook', '2019-08-30 11:22:55.000000', '2019-08-30 11:22:55.000000', 'https://platform-lookaside.fbsbx.com/platform/profilepic/?asid=617590325439220&height=50&width=50&ext=1569756173&hash=AeQCMI8SBx9zl3Yq'),
(37, 108, '10219563626031807', 'facebook', '2019-08-30 11:56:02.000000', '2019-08-30 11:56:02.000000', 'https://platform-lookaside.fbsbx.com/platform/profilepic/?asid=10219563626031807&height=50&width=50&ext=1569758161&hash=AeSj-gIrPa1GYRGr'),
(38, 109, '864059177320998', 'facebook', '2019-09-01 15:23:38.000000', '2019-09-01 15:23:38.000000', 'https://platform-lookaside.fbsbx.com/platform/profilepic/?asid=864059177320998&height=50&width=50&ext=1569943416&hash=AeS8mG7bO3QpOFUB'),
(39, 110, '2357003251073748', 'facebook', '2019-09-02 01:36:47.000000', '2019-09-02 01:36:47.000000', 'https://platform-lookaside.fbsbx.com/platform/profilepic/?asid=2357003251073748&height=50&width=50&ext=1569980201&hash=AeS0C27oEcEeXFct'),
(40, 111, '2309617132479226', 'facebook', '2019-09-02 06:57:04.000000', '2019-09-02 06:57:04.000000', 'https://platform-lookaside.fbsbx.com/platform/profilepic/?asid=2309617132479226&height=50&width=50&ext=1569999421&hash=AeTsannUqEKdtjMF'),
(41, 112, '935287003481747', 'facebook', '2019-09-03 03:51:20.000000', '2019-09-03 03:51:20.000000', 'https://platform-lookaside.fbsbx.com/platform/profilepic/?asid=935287003481747&height=50&width=50&ext=1570074679&hash=AeTPKPHI0zAkhvzE'),
(42, 113, '10157544582464176', 'facebook', '2019-09-03 04:51:32.000000', '2019-09-03 04:51:32.000000', 'https://platform-lookaside.fbsbx.com/platform/profilepic/?asid=10157544582464176&height=50&width=50&ext=1570078290&hash=AeRpg9K46V3EIoXB'),
(43, 114, '10158319280458265', 'facebook', '2019-09-04 09:37:35.000000', '2019-09-04 09:37:35.000000', 'https://platform-lookaside.fbsbx.com/platform/profilepic/?asid=10158319280458265&height=50&width=50&ext=1570181854&hash=AeQc0gwKYy4mpCRk'),
(44, 115, '438199303717606', 'facebook', '2019-09-05 03:35:32.000000', '2019-09-05 03:35:32.000000', 'https://platform-lookaside.fbsbx.com/platform/profilepic/?asid=438199303717606&height=50&width=50&ext=1570246526&hash=AeSDi35NBUd68Aks'),
(45, 116, '2181397571987081', 'facebook', '2019-09-05 11:51:50.000000', '2019-09-05 11:51:50.000000', 'https://platform-lookaside.fbsbx.com/platform/profilepic/?asid=2181397571987081&height=50&width=50&ext=1570276308&hash=AeSuUZGv_mWMcDrB'),
(46, 117, '2345237568929880', 'facebook', '2019-09-06 11:59:12.000000', '2019-09-06 11:59:12.000000', 'https://platform-lookaside.fbsbx.com/platform/profilepic/?asid=2345237568929880&height=50&width=50&ext=1570363150&hash=AeSA5_QYqs13V2Cv'),
(47, 118, '1336942053150965', 'facebook', '2019-09-13 07:49:46.000000', '2019-09-13 07:49:46.000000', 'https://platform-lookaside.fbsbx.com/platform/profilepic/?asid=1336942053150965&height=50&width=50&ext=1570952985&hash=AeQjO8s9j7MHUB0d'),
(48, 119, '678445975956536', 'facebook', '2019-09-19 10:39:47.000000', '2019-09-19 10:39:47.000000', 'https://platform-lookaside.fbsbx.com/platform/profilepic/?asid=678445975956536&height=50&width=50&ext=1571481581&hash=AeQss97255nSDFfN'),
(49, 120, '1311015615726249', 'facebook', '2019-10-04 04:10:30.000000', '2019-10-04 04:10:30.000000', 'https://platform-lookaside.fbsbx.com/platform/profilepic/?asid=1311015615726249&height=50&width=50&ext=1572754225&hash=AeQnxQWrZKFinwXD'),
(50, 121, '10150073458749103', 'facebook', '2019-10-14 17:03:51.000000', '2019-10-14 17:03:51.000000', 'https://platform-lookaside.fbsbx.com/platform/profilepic/?asid=10150073458749103&height=50&width=50&ext=1573664626&hash=AeS75SuLObgWWMqh'),
(51, 122, '10150073472680032', 'facebook', '2019-10-14 20:54:19.000000', '2019-10-14 20:54:19.000000', 'https://platform-lookaside.fbsbx.com/platform/profilepic/?asid=10150073472680032&height=50&width=50&ext=1573678458&hash=AeT958FZY1Bm2_Zx'),
(52, 123, '1008949009449573', 'facebook', '2019-10-25 14:53:06.000000', '2019-10-25 14:53:06.000000', 'https://platform-lookaside.fbsbx.com/platform/profilepic/?asid=1008949009449573&height=50&width=50&ext=1574607185&hash=AeSQpln7Kb0mEvmM'),
(53, 124, '3788473294511388', 'facebook', '2019-11-14 17:57:49.000000', '2019-11-14 17:57:49.000000', 'https://platform-lookaside.fbsbx.com/platform/profilepic/?asid=3788473294511388&height=50&width=50&ext=1576346267&hash=AeQShw_c3E5TU-sN'),
(54, 125, '3228902663792483', 'facebook', '2019-11-25 05:15:08.000000', '2019-11-25 05:15:08.000000', 'https://platform-lookaside.fbsbx.com/platform/profilepic/?asid=3228902663792483&height=50&width=50&ext=1577250897&hash=AeSLNF8Lq94VYMKK'),
(55, 126, '1783569641774345', 'facebook', '2019-11-25 05:23:58.000000', '2019-11-25 05:23:58.000000', 'https://platform-lookaside.fbsbx.com/platform/profilepic/?asid=1783569641774345&height=50&width=50&ext=1577251436&hash=AeRx1TfDhoIPTXRv'),
(56, 127, '2542076915839949', 'facebook', '2019-11-25 07:40:19.000000', '2019-11-25 07:40:19.000000', 'https://platform-lookaside.fbsbx.com/platform/profilepic/?asid=2542076915839949&height=50&width=50&ext=1577259617&hash=AeS65xi7qvT2ade2'),
(57, 128, '2468145483504808', 'facebook', '2019-11-25 07:53:41.000000', '2019-11-25 07:53:41.000000', 'https://platform-lookaside.fbsbx.com/platform/profilepic/?asid=2468145483504808&height=50&width=50&ext=1577260418&hash=AeQanHuXo6qjeK0I'),
(58, 129, '458478858417974', 'facebook', '2019-11-25 09:20:31.000000', '2019-11-25 09:20:31.000000', 'https://platform-lookaside.fbsbx.com/platform/profilepic/?asid=458478858417974&height=50&width=50&ext=1577265627&hash=AeQRuAnLxKkIw0kP'),
(59, 130, '10218162984499074', 'facebook', '2019-11-25 09:21:25.000000', '2019-11-25 09:21:25.000000', 'https://platform-lookaside.fbsbx.com/platform/profilepic/?asid=10218162984499074&height=50&width=50&ext=1577265683&hash=AeQb32L8bTxJBa15'),
(60, 131, '10215738554029445', 'facebook', '2019-11-25 09:25:33.000000', '2019-11-25 09:25:33.000000', 'https://platform-lookaside.fbsbx.com/platform/profilepic/?asid=10215738554029445&height=50&width=50&ext=1577265931&hash=AeQtdlVVfTNv90Sc'),
(61, 132, '156613329046798', 'facebook', '2019-11-26 03:08:44.000000', '2019-11-26 03:08:44.000000', 'https://platform-lookaside.fbsbx.com/platform/profilepic/?asid=156613329046798&height=50&width=50&ext=1577329719&hash=AeQh2M9S5t911xGA'),
(62, 134, '1607370842727339', 'facebook', '2019-11-28 09:32:16.000000', '2019-11-28 09:32:16.000000', 'https://platform-lookaside.fbsbx.com/platform/profilepic/?asid=1607370842727339&height=50&width=50&ext=1577525533&hash=AeRC1CdePAFwgIx2'),
(63, 135, '603548697091295', 'facebook', '2020-01-19 07:48:57.000000', '2020-01-19 07:48:57.000000', 'https://platform-lookaside.fbsbx.com/platform/profilepic/?asid=603548697091295&height=50&width=50&ext=1582012135&hash=AeTEE8ozCso2PwOP');

-- --------------------------------------------------------

--
-- Table structure for table `states`
--

CREATE TABLE `states` (
  `id` int(222) NOT NULL,
  `name` varchar(222) COLLATE utf8_unicode_ci NOT NULL,
  `created_at` timestamp(6) NOT NULL DEFAULT CURRENT_TIMESTAMP(6) ON UPDATE CURRENT_TIMESTAMP(6),
  `updated_at` timestamp(6) NOT NULL DEFAULT '0000-00-00 00:00:00.000000'
) ENGINE=InnoDB DEFAULT CHARSET=utf8 COLLATE=utf8_unicode_ci;

-- --------------------------------------------------------

--
-- Table structure for table `users`
--

CREATE TABLE `users` (
  `id` bigint(20) UNSIGNED NOT NULL,
  `name` varchar(191) COLLATE utf8mb4_unicode_ci NOT NULL,
  `email` varchar(191) COLLATE utf8mb4_unicode_ci NOT NULL,
  `email_verified_at` timestamp NULL DEFAULT NULL,
  `password` varchar(191) COLLATE utf8mb4_unicode_ci NOT NULL,
  `remember_token` varchar(100) COLLATE utf8mb4_unicode_ci DEFAULT NULL,
  `created_at` timestamp NULL DEFAULT NULL,
  `updated_at` timestamp NULL DEFAULT NULL
) ENGINE=InnoDB DEFAULT CHARSET=utf8mb4 COLLATE=utf8mb4_unicode_ci;

--
-- Dumping data for table `users`
--

INSERT INTO `users` (`id`, `name`, `email`, `email_verified_at`, `password`, `remember_token`, `created_at`, `updated_at`) VALUES
(1, 'yeyintnaung', 'koluchaw@gmail.com', NULL, '$2y$10$MWLuQuZ7Cz1kdZbmx3BRs.y2/4K6R3iQvPFdgLk6x5ooXRT61RsiS', NULL, '2019-08-27 21:24:57', '2019-08-27 21:24:57'),
(2, 'test user', 'test@gmail.com', NULL, '$2y$10$U87juPKs9CjYiITsgDCLqelY6tN8LRjTz0vQln580.7xEs568qUuW', NULL, '2019-08-29 23:36:46', '2019-08-29 23:36:46');

-- --------------------------------------------------------

--
-- Table structure for table `videocomments`
--

CREATE TABLE `videocomments` (
  `id` int(222) NOT NULL,
  `comments` longtext COLLATE utf8_unicode_ci NOT NULL,
  `videos_id` varchar(222) COLLATE utf8_unicode_ci NOT NULL,
  `viewers_id` varchar(222) COLLATE utf8_unicode_ci NOT NULL,
  `created_at` timestamp(6) NOT NULL DEFAULT CURRENT_TIMESTAMP(6) ON UPDATE CURRENT_TIMESTAMP(6),
  `updated_at` datetime(6) NOT NULL
) ENGINE=InnoDB DEFAULT CHARSET=utf8 COLLATE=utf8_unicode_ci;

--
-- Dumping data for table `videocomments`
--

INSERT INTO `videocomments` (`id`, `comments`, `videos_id`, `viewers_id`, `created_at`, `updated_at`) VALUES
(90, 'good', '18', '1', '2019-09-22 22:01:10.000000', '2019-09-23 04:31:10.000000'),
(92, 'yyyy', '17', '1', '2019-10-04 01:59:43.000000', '2019-10-04 08:29:43.000000'),
(93, 'fffffffffffff', '20', '1', '2019-10-04 10:17:54.000000', '2019-10-04 16:47:54.000000'),
(97, 'test', '19', '117', '2019-10-04 11:18:22.000000', '2019-10-04 17:48:22.000000'),
(98, 'grhytuj', '18', '106', '2019-10-30 03:08:31.000000', '2019-10-30 09:38:31.000000'),
(99, 'nice', '18', '117', '2019-11-01 13:48:05.000000', '2019-11-01 20:18:05.000000'),
(100, 'Test', '18', '117', '2019-11-08 15:58:40.000000', '2019-11-08 22:28:40.000000'),
(101, 'tttttt', '17', '117', '2019-11-08 16:44:42.000000', '2019-11-08 23:14:42.000000'),
(104, 'test', '22', '117', '2019-11-26 10:03:11.000000', '2019-11-26 16:33:11.000000'),
(105, 'test', '22', '117', '2019-11-27 01:28:14.000000', '2019-11-27 07:58:14.000000'),
(106, 'test', '22', '117', '2019-11-28 02:40:08.000000', '2019-11-28 09:10:08.000000');

-- --------------------------------------------------------

--
-- Table structure for table `videos`
--

CREATE TABLE `videos` (
  `id` int(199) NOT NULL,
  `title` varchar(199) COLLATE utf8_unicode_ci NOT NULL,
  `link` varchar(199) COLLATE utf8_unicode_ci NOT NULL,
  `description` text COLLATE utf8_unicode_ci NOT NULL,
  `person` varchar(188) COLLATE utf8_unicode_ci NOT NULL,
  `uploader_id` varchar(123) COLLATE utf8_unicode_ci NOT NULL,
  `active` varchar(199) COLLATE utf8_unicode_ci NOT NULL,
  `image` varchar(222) COLLATE utf8_unicode_ci NOT NULL,
  `cities_id` varchar(199) COLLATE utf8_unicode_ci NOT NULL,
  `cons_id` varchar(199) COLLATE utf8_unicode_ci NOT NULL,
  `name_id` varchar(222) COLLATE utf8_unicode_ci NOT NULL,
  `con_numbers_id` varchar(222) COLLATE utf8_unicode_ci NOT NULL,
  `video_type` varchar(122) COLLATE utf8_unicode_ci NOT NULL,
  `minutes` varchar(222) COLLATE utf8_unicode_ci NOT NULL,
  `created_at` timestamp(6) NOT NULL DEFAULT '0000-00-00 00:00:00.000000' ON UPDATE CURRENT_TIMESTAMP(6),
  `updated_at` timestamp(6) NOT NULL DEFAULT '0000-00-00 00:00:00.000000'
) ENGINE=InnoDB DEFAULT CHARSET=utf8 COLLATE=utf8_unicode_ci;

--
-- Dumping data for table `videos`
--

INSERT INTO `videos` (`id`, `title`, `link`, `description`, `person`, `uploader_id`, `active`, `image`, `cities_id`, `cons_id`, `name_id`, `con_numbers_id`, `video_type`, `minutes`, `created_at`, `updated_at`) VALUES
(18, 'Civic Campaign', '1569212559Anti Corruption - Civic Campaign.mp4', 'Anti Corruption', 'Indonesia', '1', '1', '1570527405Lighthouse.jpg', '', '', '9', '', 'video/mp4', '3', '2019-11-15 11:28:45.596787', '2019-11-15 04:58:45.000000'),
(21, 'ရန်ကုန်မြို့တော်တစ်ခွင် ပြည်သူ့အကျိုးပြုမှတ်တိုင်များ', '157337994810000000_559585318137697_6351313919312457385_n.mp4', 'ရန်ကုန်မြို့တော်တစ်ခွင် ပြည်သူ့အကျိုးပြုမှတ်တိုင်များ “ လျှပ်စစ်ကဏ္ဍ ”', 'Yangon, Myanmar', '1', '1', '1573379948jlkdjsfieo.jpg', '', '', '9', '', 'video/mp4', '3', '2019-11-15 11:29:52.003847', '2019-11-15 04:59:52.000000'),
(22, 'ထူးခြားသစ်လွင်သော မဲဆွယ်ကမ်ပိန်းတစ်ခု', '157365094177818164_167779430999982_1915557948287903450_n.mp4', 'ခင်ပွန်းအတွက် ရွေးကောက်ပွဲမဲဆွယ် ကမ်ပိန်းပြုလုပ်ပေးတဲ့ အမျိုးသမီးတစ်ဦးရဲ့ ခပ်မိုက်မိုက်စတိုင်', 'American', '1', '1', '1573651845123.jpg', '', '', '9', '', 'video/mp4', '3', '2019-11-15 11:30:43.509287', '2019-11-15 05:00:43.000000'),
(23, 'အမျိုးသမီးများငြိမ်းချမ်းရေးအခန်းကဏ္ဍတွင်ပါဝင်ပါတ်သက်ရန် ကျား၊ မ ရေးရာအခွင့်အရေးတန်းတူညီမျှမူ့အသိပညာပေးခြင်း', '1575610810Myanmar Promoting Gender Equality Through Women in Peace.mp4', 'ကျား၊မ ရေးရာတန်းတူညီမျှမူ့ နှင့်အတူ အမျိုးသမီးများငြိမ်းချမ်းရေးလုပ်ငန်းစဉ်တွင် ပိုမိုပါဝင်ပတ်သက်ရန်', 'Gender Equality Through Women in Peace', '1', '1', '1575610810jkuh.jpg', '', '', '9', '', 'video/mp4', '3', '2019-12-05 23:10:45.000000', '2019-12-05 23:10:45.000000'),
(24, 'THE CIVIC SENSE', '1575632811civic sense arena animation by aman tiwari.mp4', 'လူထုအကျိုးပြု ဇာတ်လမ်းတို', 'Aman Tiwari', '1', '1', '1575632811uiuief.jpg', '', '', '9', '', 'video/mp4', '3', '2019-12-06 12:10:05.357493', '2019-12-06 05:40:05.000000'),
(25, 'ရက်ပေါင်း ၉၀ နေထိုင်တဲ့နေရာမှာ မဲပေးပိုင်ခွင့်ပေးထားတဲ့ အပေါ်သူတို့အမြင်', '157983993584133092_166144688131630_8667688798731108352_n.mp4', 'ကချင်ပြည်နယ်အတွင်း ၂၀၂၀ရွေးကောက်ပွဲအတွက် ရက်ကိုးဆယ်နေထိုင်ခွင့်ရှိယုံမျှဖြင့် မဲပေးနိုင်', '74 media', '1', '1', '1579839935hihij.jpg', '', '', '9', '', 'video/mp4', '3', '2020-01-23 21:55:44.000000', '2020-01-23 21:55:44.000000'),
(26, 'မဲပေးခွင့်မရသောကြောင့် မူးလဲသွားသည့် Singapore နိုင်ငံရောက် မြန်မာနိုင်ငံသားတစ်ဦး', '1579863300Myanmar Citizen In Singapore Not In Early Voter List  Absentee Balloting.mp4', 'https://www.youtube.com/watch?v=N9YK1IpKdhU မူရင်း Video Link', 'မနွေဥ◌ီး‌ေ၀', '1', '1', '1579863300uhih.jpg', '', '', '7', '', 'video/mp4', '3', '2020-01-24 10:59:56.136784', '2020-01-24 04:29:56.000000'),
(27, 'မဲပေးချင်သူများအတွက် ဘာတွေကအတားအဆီးဖြစ်နေလဲ?', '1580122803Myanmar Citizen In Korea Not In Early Voter List  Absentee Balloting.mp4', 'ကိုရီးယားရောက်မြန်မာနိုင်ငံသားတစ်ယောက်မဲပေးခွင့်မရခဲ့\r\nမူရင်း link https://www.youtube.com/watch?v=uDawdd4xbDw&t=28s', 'လင်းကျော်အောင်', '1', '1', '1580122803afsdf.jpg', '', '', '9', '', 'video/mp4', '3', '2020-01-27 04:30:21.000000', '2020-01-27 04:30:21.000000'),
(33, 'Women and Election', '1607144764Comp 2.mp4', 'Human Rights Activist, Ward/Tract Leader and Individual Election Candidate', 'Human Rights Activist, Ward/Tract Leader and Individual Election Candidate', '1', '1', '1607592633IMG_0048.JPG', '', '', '7', '', 'video/mp4', '3', '2020-12-10 09:33:49.451602', '2020-12-10 09:33:49.000000'),
(34, 'Women Hopes', '160759505110000000_745341569659040_1303639230864050781_n.mp4', 'နိုဝင်ဘာလ ၈ ရက်နေ့မှာ မဲလာပေးတဲ့အမျိုးသမီးများ၏ ရင်တွင်းစကားသံများ', 'Voters', '1', '1', '1607595051IMG_0069.JPG', '', '', '7', '', 'video/mp4', '3', '2020-12-10 10:10:51.664393', '2020-12-10 10:10:51.664393');

-- --------------------------------------------------------

--
-- Table structure for table `viewers`
--

CREATE TABLE `viewers` (
  `id` bigint(20) UNSIGNED NOT NULL,
  `name` varchar(191) COLLATE utf8mb4_unicode_ci NOT NULL,
  `email` varchar(191) COLLATE utf8mb4_unicode_ci NOT NULL,
  `email_verified_at` timestamp NULL DEFAULT NULL,
  `password` varchar(191) COLLATE utf8mb4_unicode_ci NOT NULL,
  `remember_token` varchar(100) COLLATE utf8mb4_unicode_ci DEFAULT NULL,
  `provider_user_id` varchar(111) COLLATE utf8mb4_unicode_ci NOT NULL,
  `created_at` timestamp NULL DEFAULT CURRENT_TIMESTAMP,
  `updated_at` timestamp NULL DEFAULT CURRENT_TIMESTAMP
) ENGINE=InnoDB DEFAULT CHARSET=utf8mb4 COLLATE=utf8mb4_unicode_ci;

--
-- Dumping data for table `viewers`
--

INSERT INTO `viewers` (`id`, `name`, `email`, `email_verified_at`, `password`, `remember_token`, `provider_user_id`, `created_at`, `updated_at`) VALUES
(107, 'Dasy Lin', 'dasylinsmile1998@gmail.com', NULL, '$2y$10$2qtSxzW7npZ5yro6z5eJ.O1K6wiIIHmzt72NaUO3lGCysOtOzGRHW', NULL, '617590325439220', '2019-08-30 04:52:55', '2019-11-12 21:52:06'),
(108, 'Brown Puu', 'khinthida.tt@gmail.com', NULL, '$2y$10$MR5tPr0ZIA55RlGNBoIU7uVYPB1Dp6wS6NcS7O51sEsOl6EZknd6i', NULL, '10219563626031807', '2019-08-30 05:26:02', '2019-11-27 01:47:58'),
(109, 'Kaba Mu Mu', 'yaelakaba@gmail.com', NULL, '$2y$10$0XihT97Mc1K.rYOAlGkQQOskqYFuvsQj9fYA8qYQh6hTZdmfC1uAW', NULL, '864059177320998', '2019-09-01 08:53:38', '2019-09-01 08:53:38'),
(110, 'Min Nyi Nyi', 'nyinyiminn213@gmail.com', NULL, '$2y$10$szkF1eDAnWmyjEpKTpknyegJoCvaiJnM.3Z7Vf14tdbnKo3PDhgG.', NULL, '2357003251073748', '2019-09-01 19:06:47', '2019-09-01 19:06:47'),
(111, 'Thura Hein', 'thuraheinbp93@gmail.com', NULL, '$2y$10$6sFgOPe6n8DbxD9LpFc2i.UaTT2VLSkAX1OW5Mesv1oZd4Yy0dFue', NULL, '2309617132479226', '2019-09-02 00:27:04', '2019-09-02 00:27:04'),
(112, 'Ngwe Thazin', 'boatboat8356@gmail.com', NULL, '$2y$10$Mok9J/VfbfyPOoRFwhY7Eu0jp1tULD/yEml05htQw2LXOlb0MeJIW', NULL, '935287003481747', '2019-09-02 21:21:20', '2019-09-02 21:21:20'),
(113, 'João Dutra', 'joao@joaodutra.com', NULL, '$2y$10$Dm9UK6pZRS3qrtBluqjzu.j7U.leouZPeQkh64TPIQM9vIdkSk3Ky', NULL, '10157544582464176', '2019-09-02 22:21:32', '2019-09-02 22:21:32'),
(114, 'Lwin Maung Maung', 'lwinmaungmaung90@gmail.com', NULL, '$2y$10$F7X8j8pM0jL5ctOqn3v9COKNAu8UdfnVC/yd17Z5XRtkkP7QcYhv.', NULL, '10158319280458265', '2019-09-04 03:07:35', '2019-09-04 03:07:35'),
(115, 'Ezbelle Phyu', 'ezbellephyu25@gmail.com', NULL, '$2y$10$o5RLfifaBNAcWGTYCSSiDO0BOqcmNgBRynoRxKTHH6iwMrBHOtV2a', NULL, '438199303717606', '2019-09-04 21:05:32', '2019-09-04 21:05:32'),
(116, 'Kyaw Zaww Lin', 'rode00009@gmail.com', NULL, '$2y$10$Z3XSewzXbMBXkwRRH4yCauOt.CQjl1U1l3lGeKqzLdStqrqA4aeqe', NULL, '2181397571987081', '2019-09-05 05:21:50', '2019-09-05 05:21:50'),
(117, 'Yan Kee', 'koluchaw@gmail.com', NULL, '$2y$10$vpDZf.FMl0oCONiPXRO51OIVOeVr2gsWRU1ZECLHNRiToGMJU4j6S', NULL, '2349972271789743', '2019-09-06 05:29:12', '2019-11-28 02:40:00'),
(118, 'Juliet Monata', 'julietmonata@gmail.com', NULL, '$2y$10$R.K4BeGuXmsQij5/JEiPPeIK7g9vlmLtxF/qjAT6ghj/ZxBMoPHEC', NULL, '1336942053150965', '2019-09-13 01:19:46', '2019-09-13 01:19:46'),
(119, 'Yannaing Kyaw', 'yn.kyaws@gmail.com', NULL, '$2y$10$TbRTz6vX/02en351AEDw6uv.nI4s/ApFUzwHWrzXoXKCF4yrNPmqe', NULL, '678445975956536', '2019-09-19 04:09:47', '2019-09-19 04:09:47'),
(120, 'Nann Win May Aye', 'nannwinmayaye@gmail.com', NULL, '$2y$10$B1rQR3yFT5/HlDGn5JAaNuXpWZUkr6UerZ0VX2cJJeFHQGDDtG/tS', NULL, '1311015615726249', '2019-10-03 21:40:30', '2019-10-03 21:40:30'),
(121, 'MGK Obituary', 'geogatedproject108@gmail.com', NULL, '$2y$10$qfJ9KXrHOJP467IRuikgxeGy2d95atvoX4/kgIhPqJ0wGAUQ9DERe', NULL, '10150073458749103', '2019-10-14 10:33:51', '2019-10-14 10:33:51'),
(122, 'Frodo Baggins', 'geogatedproject33@gmail.com', NULL, '$2y$10$vL1LkX/PZnH.zbKlqWtFOO7R1fubhXkjufao88UG75ZseTnJ7j23m', NULL, '10150073472680032', '2019-10-14 14:24:19', '2019-10-14 14:24:19'),
(123, 'Pòlóniÿan Throne', 'rustroddin@gmail.com', NULL, '$2y$10$idfQapK7NDk3GGX7NJiM..cXazuJgCazCTgifHN7AMsiOax8ETeJW', NULL, '1008949009449573', '2019-10-25 08:23:06', '2019-10-25 08:24:14'),
(124, 'Wai Lin Phyo', 'skycoollight@gmail.com', NULL, '$2y$10$YVDqE4gzh6Qqqu4LJR61t.VCeQQyEVCCBaP0./p.FaPrMw1urANs.', NULL, '3788473294511388', '2019-11-14 11:27:49', '2019-11-14 11:27:49'),
(125, 'Aung Khant Paing', 'cheehtokelay16@gmail.com', NULL, '$2y$10$A4Y/lcRibPlnW80VJWFyCOg8jbXquvkhUyS8mPzIfS8jt6k2U2hlq', NULL, '3228902663792483', '2019-11-24 22:45:07', '2019-11-24 22:45:07'),
(126, 'Thu Aung', 'assasian47@gmail.com', NULL, '$2y$10$fMbAbx1FyrYNrs4iPZdWbOdA/nBI8XzfAxihzHsqvdBfxNce/N3cu', NULL, '1783569641774345', '2019-11-24 22:53:58', '2019-11-24 22:53:58'),
(127, 'Phyo Htet Hlaing', 'phyohtethlaing.1989@gmail.com', NULL, '$2y$10$xHs2e2fCnL3ekaMR1D99Ieclnygn3kP8Gagfrr9qJdUovTmX272cC', NULL, '2542076915839949', '2019-11-25 01:10:19', '2019-11-25 01:10:19'),
(128, 'Chan Khin Nyein', 'zayyar.mykoko@gmail.com', NULL, '$2y$10$X885mOmTNsudC0sbMfBCsOJhb9ahdMqq6HWy.pYdRlDaEaNTAjVf6', NULL, '2468145483504808', '2019-11-25 01:23:41', '2019-11-25 01:23:41'),
(129, 'Anthony Gray', 'phoekyaw.mlg@gmail.com', NULL, '$2y$10$H5Fsl5JhnzQP8dBXCIxQJenel7bxMpLNNMFyLm18ZcnK3cFkjts5.', NULL, '458478858417974', '2019-11-25 02:50:31', '2019-11-25 02:50:32'),
(130, 'Naing Oo', 'naingoo74@gmail.com', NULL, '$2y$10$nAdOZKV3ySAxEGDKradgUeV2TDXvfn.e0fW1fgTlKel8J2N7rfH2.', NULL, '10218162984499074', '2019-11-25 02:51:25', '2019-11-25 02:51:25'),
(131, 'Sai Aung Kyaw Myint', 'koilkoil28@gmail.com', NULL, '$2y$10$v6.I.EPHtJY7PjNZV74op.jIVf0ENxDbfHbt1Q.aLav4k5hiZ23LC', NULL, '10215738554029445', '2019-11-25 02:55:33', '2019-11-25 02:55:33'),
(132, 'Thagyan May', 'may.thagyan@yandex.com', NULL, '$2y$10$pHDmxUDwAIjoejxcKWvvYegHdYALudrqswphw7UK28gKfrtW98GYa', NULL, '156613329046798', '2019-11-25 20:38:44', '2019-11-25 20:38:44'),
(134, 'YN Pyae Kyaw', 'awlan.1985@gmail.com', NULL, '$2y$10$Cxt7Mb3JDz3jiTSb7dSGRekJaROfIlArpiktjn3pvo3naVD3gUXGm', NULL, '1607370842727339', '2019-11-28 03:02:16', '2019-11-28 03:02:16'),
(135, 'May Zin Phyo', 'pinkycheek13@gmail.com', NULL, '$2y$10$TsLZVHc14k6bS1573vjy.eRSm/yGQJbklASBcSq9v1SL59aWM8TR6', NULL, '603548697091295', '2020-01-19 01:18:57', '2020-01-19 01:18:57');

-- --------------------------------------------------------

--
-- Table structure for table `votes`
--

CREATE TABLE `votes` (
  `id` int(111) NOT NULL,
  `videos_id` int(212) NOT NULL,
  `viewers_id` int(112) NOT NULL,
  `created_at` timestamp(6) NOT NULL DEFAULT CURRENT_TIMESTAMP(6) ON UPDATE CURRENT_TIMESTAMP(6),
  `updated_at` timestamp(6) NOT NULL DEFAULT CURRENT_TIMESTAMP(6) ON UPDATE CURRENT_TIMESTAMP(6)
) ENGINE=InnoDB DEFAULT CHARSET=utf8 COLLATE=utf8_unicode_ci;

--
-- Dumping data for table `votes`
--

INSERT INTO `votes` (`id`, `videos_id`, `viewers_id`, `created_at`, `updated_at`) VALUES
(1, 20, 106, '2019-10-07 00:53:14.000000', '2019-10-07 00:53:14.000000'),
(2, 18, 106, '2019-10-19 09:21:21.000000', '2019-10-19 09:21:21.000000'),
(3, 19, 106, '2019-10-21 03:50:22.000000', '2019-10-21 03:50:22.000000'),
(4, 17, 106, '2019-10-21 03:50:41.000000', '2019-10-21 03:50:41.000000'),
(5, 18, 117, '2019-10-29 17:37:58.000000', '2019-10-29 17:37:58.000000'),
(7, 22, 117, '2019-11-25 17:51:58.000000', '2019-11-25 17:51:58.000000'),
(8, 22, 106, '2019-11-26 05:41:25.000000', '2019-11-26 05:41:25.000000'),
(9, 22, 134, '2019-11-28 03:02:56.000000', '2019-11-28 03:02:56.000000');

--
-- Indexes for dumped tables
--

--
-- Indexes for table `ads`
--
ALTER TABLE `ads`
  ADD PRIMARY KEY (`id`);

--
-- Indexes for table `cities`
--
ALTER TABLE `cities`
  ADD PRIMARY KEY (`id`);

--
-- Indexes for table `connumbers`
--
ALTER TABLE `connumbers`
  ADD PRIMARY KEY (`id`);

--
-- Indexes for table `cons`
--
ALTER TABLE `cons`
  ADD PRIMARY KEY (`id`);

--
-- Indexes for table `migrations`
--
ALTER TABLE `migrations`
  ADD PRIMARY KEY (`id`);

--
-- Indexes for table `names`
--
ALTER TABLE `names`
  ADD PRIMARY KEY (`id`);

--
-- Indexes for table `news`
--
ALTER TABLE `news`
  ADD PRIMARY KEY (`id`);

--
-- Indexes for table `oauth_access_tokens`
--
ALTER TABLE `oauth_access_tokens`
  ADD PRIMARY KEY (`id`),
  ADD KEY `oauth_access_tokens_user_id_index` (`user_id`);

--
-- Indexes for table `oauth_auth_codes`
--
ALTER TABLE `oauth_auth_codes`
  ADD PRIMARY KEY (`id`);

--
-- Indexes for table `oauth_clients`
--
ALTER TABLE `oauth_clients`
  ADD PRIMARY KEY (`id`),
  ADD KEY `oauth_clients_user_id_index` (`user_id`);

--
-- Indexes for table `oauth_personal_access_clients`
--
ALTER TABLE `oauth_personal_access_clients`
  ADD PRIMARY KEY (`id`),
  ADD KEY `oauth_personal_access_clients_client_id_index` (`client_id`);

--
-- Indexes for table `oauth_refresh_tokens`
--
ALTER TABLE `oauth_refresh_tokens`
  ADD PRIMARY KEY (`id`),
  ADD KEY `oauth_refresh_tokens_access_token_id_index` (`access_token_id`);

--
-- Indexes for table `password_resets`
--
ALTER TABLE `password_resets`
  ADD KEY `password_resets_email_index` (`email`);

--
-- Indexes for table `sliders`
--
ALTER TABLE `sliders`
  ADD PRIMARY KEY (`id`);

--
-- Indexes for table `social_viewers_data`
--
ALTER TABLE `social_viewers_data`
  ADD PRIMARY KEY (`id`);

--
-- Indexes for table `states`
--
ALTER TABLE `states`
  ADD PRIMARY KEY (`id`);

--
-- Indexes for table `users`
--
ALTER TABLE `users`
  ADD PRIMARY KEY (`id`),
  ADD UNIQUE KEY `users_email_unique` (`email`);

--
-- Indexes for table `videocomments`
--
ALTER TABLE `videocomments`
  ADD PRIMARY KEY (`id`);

--
-- Indexes for table `videos`
--
ALTER TABLE `videos`
  ADD PRIMARY KEY (`id`);

--
-- Indexes for table `viewers`
--
ALTER TABLE `viewers`
  ADD PRIMARY KEY (`id`),
  ADD UNIQUE KEY `users_email_unique` (`email`),
  ADD UNIQUE KEY `provider_user_id` (`provider_user_id`);

--
-- Indexes for table `votes`
--
ALTER TABLE `votes`
  ADD PRIMARY KEY (`id`);

--
-- AUTO_INCREMENT for dumped tables
--

--
-- AUTO_INCREMENT for table `ads`
--
ALTER TABLE `ads`
  MODIFY `id` int(222) NOT NULL AUTO_INCREMENT, AUTO_INCREMENT=24;

--
-- AUTO_INCREMENT for table `cities`
--
ALTER TABLE `cities`
  MODIFY `id` int(222) NOT NULL AUTO_INCREMENT, AUTO_INCREMENT=419;

--
-- AUTO_INCREMENT for table `connumbers`
--
ALTER TABLE `connumbers`
  MODIFY `id` int(222) NOT NULL AUTO_INCREMENT, AUTO_INCREMENT=624;

--
-- AUTO_INCREMENT for table `cons`
--
ALTER TABLE `cons`
  MODIFY `id` int(222) NOT NULL AUTO_INCREMENT, AUTO_INCREMENT=106;

--
-- AUTO_INCREMENT for table `migrations`
--
ALTER TABLE `migrations`
  MODIFY `id` int(10) UNSIGNED NOT NULL AUTO_INCREMENT, AUTO_INCREMENT=8;

--
-- AUTO_INCREMENT for table `names`
--
ALTER TABLE `names`
  MODIFY `id` int(199) NOT NULL AUTO_INCREMENT, AUTO_INCREMENT=37;

--
-- AUTO_INCREMENT for table `news`
--
ALTER TABLE `news`
  MODIFY `id` int(111) NOT NULL AUTO_INCREMENT, AUTO_INCREMENT=57;

--
-- AUTO_INCREMENT for table `oauth_clients`
--
ALTER TABLE `oauth_clients`
  MODIFY `id` int(10) UNSIGNED NOT NULL AUTO_INCREMENT, AUTO_INCREMENT=5;

--
-- AUTO_INCREMENT for table `oauth_personal_access_clients`
--
ALTER TABLE `oauth_personal_access_clients`
  MODIFY `id` int(10) UNSIGNED NOT NULL AUTO_INCREMENT, AUTO_INCREMENT=2;

--
-- AUTO_INCREMENT for table `sliders`
--
ALTER TABLE `sliders`
  MODIFY `id` int(222) NOT NULL AUTO_INCREMENT, AUTO_INCREMENT=26;

--
-- AUTO_INCREMENT for table `social_viewers_data`
--
ALTER TABLE `social_viewers_data`
  MODIFY `id` int(222) NOT NULL AUTO_INCREMENT, AUTO_INCREMENT=64;

--
-- AUTO_INCREMENT for table `states`
--
ALTER TABLE `states`
  MODIFY `id` int(222) NOT NULL AUTO_INCREMENT;

--
-- AUTO_INCREMENT for table `users`
--
ALTER TABLE `users`
  MODIFY `id` bigint(20) UNSIGNED NOT NULL AUTO_INCREMENT, AUTO_INCREMENT=3;

--
-- AUTO_INCREMENT for table `videocomments`
--
ALTER TABLE `videocomments`
  MODIFY `id` int(222) NOT NULL AUTO_INCREMENT, AUTO_INCREMENT=107;

--
-- AUTO_INCREMENT for table `videos`
--
ALTER TABLE `videos`
  MODIFY `id` int(199) NOT NULL AUTO_INCREMENT, AUTO_INCREMENT=35;

--
-- AUTO_INCREMENT for table `viewers`
--
ALTER TABLE `viewers`
  MODIFY `id` bigint(20) UNSIGNED NOT NULL AUTO_INCREMENT, AUTO_INCREMENT=136;

--
-- AUTO_INCREMENT for table `votes`
--
ALTER TABLE `votes`
  MODIFY `id` int(111) NOT NULL AUTO_INCREMENT, AUTO_INCREMENT=10;
COMMIT;

/*!40101 SET CHARACTER_SET_CLIENT=@OLD_CHARACTER_SET_CLIENT */;
/*!40101 SET CHARACTER_SET_RESULTS=@OLD_CHARACTER_SET_RESULTS */;
/*!40101 SET COLLATION_CONNECTION=@OLD_COLLATION_CONNECTION */;
